prompt,model_answer,predict_proba,raw_predict_proba,is_hallucination_proba,pred_is_hallucination,refute_overlay_policy,refute_overlay_reason
Чье изображение было помещено на американский цент в 1909 году к столетию со дня рождения президента?,Изображение американского президента Авраама Линкольна было помещено на американский цент в 1909 году к столетию со дня рождения президента.,0.05,0.16674061136999427,0.05,False,v5_bayesian_blind_rescue,unchanged
"Какую актрису изображал плакат, который Энди Дюфресн заказал Рэду через год после получения геологического молотка в фильме «Побег из Шоушенка»?","В фильме «Побег из Шоушенка», который был снят по мотивам повести Стивена Кинга «Рита Хейворт и спасение из Шоушенка», Энди Дюфрейн заказывает плакат с изображением актрисы Риты Хейворт для своего сокамерника Реда. Этот жест символизирует надежду и мечту, которые Энди дарит Реду, помогая ему поверить в возможность свободы и новой жизни за стенами тюрьмы.",0.05,0.166638066185062,0.05,False,v5_bayesian_blind_rescue,unchanged
Какую номинацию получил Мартин Рашент на BRIT Awards благодаря успеху The Human League?,"Мартин Рашент был номинирован на премию BRIT Awards в категории «Лучший британский продюсер» за альбом группы The Human League, который стал успешным после выхода альбома ""Dare"" в 1981 году.",0.9357142857142857,0.7660912520492076,0.9357142857142857,True,v5_bayesian_blind_rescue,unchanged
"Какой термин иногда применяется для обозначения дискриминации мужчин и антимужских предубеждений, однако многие гендерные исследователи считают его использование некорректным?","Термин «мизандрия» иногда используется для обозначения дискриминации мужчин и антимужских предубеждений. Однако многие гендерные исследователи считают его использование некорректным, так как оно может способствовать распространению стереотипов о мужчинах и игнорировать проблемы, с которыми сталкиваются женщины в обществе.",0.05,0.15331199728844933,0.05,False,v5_bayesian_blind_rescue,unchanged
Какую сеть (SL policy network) вместо улучшенной стратегической сети решили использовать авторы AlphaGo на этапе симуляции до конца игры без ветвления?,Авторы AlphaGo на этапе симуляции до конца игры без ветвления решили использовать сеть стратегического уровня (SL policy network).,0.05,0.15659683134015623,0.05,False,v5_bayesian_blind_rescue,blind_recall_rescue_fp
Какой диагноз был поставлен Дэвиду Боуи в середине 2014 года?,В середине 2014 года у Дэвида Боуи была диагностирована рак печени. Он скончался от этой болезни 10 января 2016 года.,0.05,0.15727873596552064,0.05,False,v5_bayesian_blind_rescue,unchanged
В каком году в аэропорту Дортмунда приземлился цеппелин LZ 127 «Граф Цеппелин»?,Цеппелин LZ 127 «Граф Цеппелин» впервые приземлился в аэропорту Дортмунда в **1930 году**.,0.28846153846153844,0.2623091817184214,0.28846153846153844,False,v5_bayesian_blind_rescue,unchanged
Какой белок ретинобластомы связывается с нуклеофозмином (NPM1)?,"Ретинобластома является редкой злокачественной опухолью сетчатки глаза у детей и связана с мутацией гена ретинобластомы 1 (RB1). Нуклеофозмин (NPM1) - это ядерный фосфопротеин, который участвует в регуляции клеточного цикла и может взаимодействовать с различными белками, включая белки, связанные с опухолевым процессом.

В контексте ретинобластомы, основным белком, который связывается с нуклеофозмином (NPM1), является **ретинобластома-связанный белок (pRb)**. Этот белок играет ключевую роль в регуляции клеточного цикла и подавлении пролиферации клеток. В случае ретинобластомы, мутации в гене RB1 приводят к нарушению функции белка pRb, что способствует развитию опухоли.",0.8636363636363636,0.7193972116409287,0.8636363636363636,True,v5_bayesian_blind_rescue,unchanged
Какая книга по армянской палеографии была издана в 1987 году Степаном Мелик-Бахшяном?,В 1987 году Степан Мелик-Бахшян издал книгу под названием «Армянская палеография».,0.95,0.7778627512865111,0.95,True,v5_bayesian_blind_rescue,unchanged
Какую проблему фискальной политики экономисты называют эффектом вытеснения?,"## Эффект вытеснения в фискальной политике

**Эффект вытеснения** — это одна из ключевых проблем, с которой сталкиваются государственные органы при проведении *фискальной* (бюджетно-налоговой) политики. Суть этого эффекта заключается в том, что увеличение государственных расходов или снижение налогов приводит к росту процентных ставок и, как следствие, к сокращению частных инвестиций.

---

### Как возникает эффект вытеснения?

1. **Увеличение государственных расходов**: 
   - Когда государство увеличивает свои расходы (например, на строительство дорог, социальные программы), оно вынуждено финансировать эти траты за счёт займов.
   
2. **Рост спроса на кредиты**:
   - Для финансирования дефицита бюджета правительство начинает занимать деньги у населения и фирм через выпуск облигаций.
   - Это увеличивает спрос на кредитные ресурсы в экономике.

3. **Повышение процентных ставок**:
   - Рост спроса на кредиты ведёт к увеличению процентных ставок по займам.
   - Фирмы и домохозяйства начинают платить больше за получение кредитов для своих инвестиционных проектов.

4. **Сокращение частных инвестиций**:
   - Более высокие процентные ставки делают инвестиции менее привлекательными.
   - Частный сектор снижает объёмы капиталовложений, так как стоимость заимствований",0.28846153846153844,0.26291234383201567,0.28846153846153844,False,v5_bayesian_blind_rescue,unchanged
Какие два самолёта нанесли первый удар по японскому авианосцу «Дзуйхо» в ходе боя у островов Санта-Крус?,В бою у островов Санта-Крус 26 октября 1942 года первый удар по японскому авианосцу «Дзуйхо» нанесли самолёты с американских авианосцев «Энтерпрайз» и «Хорнет».,0.9357142857142857,0.7642332417995791,0.9357142857142857,True,v5_bayesian_blind_rescue,unchanged
В каком году на территориях бывшего нацистской Германии и его сателлитов возникла необходимость в местных выпусках марок?,"После окончания Второй мировой войны в 1945 году территории бывшей нацистской Германии и её сателлитов оказались разделены между победителями — СССР, США, Великобританией и Францией. В результате этого раздела возникли новые административные единицы, каждая из которых нуждалась в собственных почтовых услугах. 

Например, после разделения Германии на четыре зоны оккупации были созданы отдельные почтовые службы для каждой из них. Аналогичная ситуация наблюдалась и в других странах, таких как Австрия, которая также была разделена на оккупационные зоны. Эти местные выпуски марок стали необходимыми для обеспечения эффективной коммуникации внутри этих новых административных единиц.",0.09375,0.19125301046006285,0.09375,False,v5_bayesian_blind_rescue,unchanged
"Кто, согласно заключению комиссии Королевского общества по итогам спора о приоритете в математическом анализе, был признан первым изобретателем?","Согласно заключению комиссии Королевского общества по итогам спора о приоритете в математическом анализе, Исаак Ньютон был признан первым изобретателем.",0.05,0.1820531680722449,0.05,False,v5_bayesian_blind_rescue,unchanged
Какой рейтинг на сайте Rotten Tomatoes получил эпизод «Славная миссия» из первого сезона сериала «Локи»?,Эпизод «Славная миссия» из первого сезона сериала «Локи» имеет рейтинг 97% на сайте Rotten Tomatoes.,0.8725490196078431,0.7384847078263279,0.8725490196078431,True,v5_bayesian_blind_rescue,unchanged
Кто в 1984 году обнаружил полную редакцию романа Уильяма Берроуза «Интерзона» в архиве Аллена Гинзберга при Колумбийском университете?,В 1984 году полный текст романа Уильяма Берроуза «Интерзон» был обнаружен и опубликован Майклом Катфордом (Michael Catford).,0.9357142857142857,0.8025069906617391,0.9357142857142857,True,v5_bayesian_blind_rescue,unchanged
Кого Черкес Хасан-бей убил в ночь с 15 на 16 июня 1876 года в особняке Мидхата-паши в Стамбуле?,В ночь с 15 на 16 июня 1876 года в особняке Мидхата-паши в Стамбуле был убит министр иностранных дел Османской империи Шукри-паша.,0.95,0.8119662211561979,0.95,True,v5_bayesian_blind_rescue,unchanged
Каким диакритическим знаком в научных статьях обычно обозначается высокий тон?,В научных статьях для обозначения высокого тона используется знак акута (´).,0.09375,0.19327094680889,0.09375,False,v5_bayesian_blind_rescue,unchanged
От какого слова происходит русское название растения «очанка»?,"Русское название растения «очанка» происходит от слова «очи», что в переводе с русского языка означает «глаза». Это связано с тем, что очанка традиционно используется для лечения глазных заболеваний и улучшения зрения.",0.05,0.16101669250238604,0.05,False,v5_bayesian_blind_rescue,unchanged
"Какой архитектурный стиль в Париже, появившийся во второй половине XVII века в сооружении Лувра, почти целое столетие сосуществовал с архитектурой барокко?","В Париже во второй половине XVII века появился архитектурный стиль, который почти целое столетие сосуществовал с архитектурой барокко. Этот стиль называется классицизм. Он характеризуется строгими формами, симметрией и использованием классических элементов архитектуры, таких как колонны и фронтоны.",0.05,0.15717845855809207,0.05,False,v5_bayesian_blind_rescue,unchanged
"В каком году император Николай II подтвердил указ Александра II о государственных цветах России: чёрном, жёлтом и белом?",Император Николай II подтвердил указ Александра II о государственных цветах России в 1896 году.,0.9357142857142857,0.7821773426445833,0.9357142857142857,True,v5_bayesian_blind_rescue,unchanged
"Какой роман Стивена Кинга Стэнли Кубрик выбрал для экранизации после того, как швырял другие книги в стену?","После того, как Стивен Кинг швырнул книгу «Сияние» в стену, Стэнли Кубрик решил выбрать её для экранизации.",0.43902439024390244,0.6216243516611762,0.43902439024390244,False,v5_bayesian_blind_rescue,unchanged
"Какой лозунг провозгласил император Педру I 7 сентября 1822 года, объявляя о разрыве уз с Португалией и клянясь обеспечить независимость Бразилии?","Лозунг, который провозгласил император Педру I 7 сентября 1822 года, был «Independência ou Morte!» («Независимость или смерть!»)",0.28846153846153844,0.22369401833109195,0.28846153846153844,False,v5_bayesian_blind_rescue,unchanged
"В каком году Сергей Жевакин обнаружил в спектрах цефеид линии ионизованного гелия, подтвердив гипотезу Артура Эддингтона о «каппа-механизме»?","Сергей Жевакин обнаружил в спектрах цефеид линии ионизованного гелия в 1952 году, что подтвердило гипотезу Артура Эддингтона о «каппа-механизме».",0.8725490196078431,0.7612996496328593,0.8725490196078431,True,v5_bayesian_blind_rescue,unchanged
"Кто был главным конструктором ОКБ-586, выступившим в 1956 году с инициативой создания МБР на высококипящих компонентах топлива?","Главным конструктором ОКБ-586, который выступил в 1956 году с инициативой создания межконтинентальной баллистической ракеты (МБР) на высококипящих компонентах топлива, был Михаил Кузьмич Янгель.",0.05,0.19192414095761487,0.05,False,v5_bayesian_blind_rescue,unchanged
Кто убедила царя Пирра напасть на Спарту в 272 году?,"В 272 году до н. э. царь Пирр, который уже воевал с Римом и был известен своими победами, решил вторгнуться в Спарту. Однако его решение было не самостоятельным, а скорее результатом давления со стороны других греческих городов и политических деятелей того времени.

Пирр был приглашен в Грецию по просьбе некоторых городов, которые надеялись получить его помощь против Македонии под управлением Антигонидов. Эти города, включая Аркадию и Элиду, были обеспокоены растущей мощью Македонии и искали союзников для защиты своих интересов.

Однако наиболее важным фактором, повлиявшим на решение Пирра, была поддержка от Клеонима, одного из лидеров спартанцев. Клеоним стремился укрепить свою власть внутри Спарты и видел в Пирре потенциального союзника, способного помочь ему в достижении этой цели. Он убедил Пирра, что нападение на Спарту будет выгодным шагом, так как оно позволит ему завоевать уважение и поддержку среди других греческих государств.

Таким образом, хотя Пирр сам принял решение о нападении на Спарту, он был убежден в необходимости этого действия благодаря влиянию Клеонима и других политических деятелей, которые видели в этом шаге возможность укрепить свои позиции в регионе.",0.28846153846153844,0.584559012271615,0.28846153846153844,False,v5_bayesian_blind_rescue,gpt120b_arbitration
В феврале 1897 года Жан Беро был приглашен писателем Марселем Прустом в качестве секунданта на дуэль с кем?,В феврале 1897 года Жан Беро был приглашен писателем Марселем Прустом в качестве секунданта на дуэль с Жаном Лорреном.,0.8571428571428571,0.7091769681282228,0.8571428571428571,True,v5_bayesian_blind_rescue,unchanged
Сколько афинян погибло в битве при Марафоне согласно Геродоту?,"Согласно Геродоту, в битве при Марафоне погибло 192 афинянина и 59 платейцев.",0.28846153846153844,0.2495080302898202,0.28846153846153844,False,v5_bayesian_blind_rescue,unchanged
"Кто вёл войско бактрийцев, согдиан и индов на левом южном фланге персидской армии в битве при Гавгамелах 1 октября 331 года?","В битве при Гавгамелах 1 октября 331 года войско бактрийцев, согдиан и индов на левом южном фланге персидской армии возглавлял сатрап Бактрии Бесс.",0.8725490196078431,0.7676358460761629,0.8725490196078431,True,v5_bayesian_blind_rescue,unchanged
"Какой генерал-майор в марте 2020 года заявил, что на восстановление репутации Полка после доказанных военных преступлений потребуется не менее десяти лет?","В марте 2020 года генерал-майор Сергей Качковский заявил, что на восстановление репутации полка «Азов» после доказанных военных преступлений потребуется не менее десяти лет.",0.95,0.7805565457320163,0.95,True,v5_bayesian_blind_rescue,unchanged
Кого Маргарет Смит обыграла в четвертьфинале чемпионата Австралии среди взрослых в 1960 году?,В четвертьфинале чемпионата Австралии среди взрослых в 1960 году Маргарет Смит обыграла **Мэри Фишер**.,0.9357142857142857,0.7823293612012098,0.9357142857142857,True,v5_bayesian_blind_rescue,unchanged
В каком году в Японии на платформе PlayStation Portable была выпущена ролевая игра Fate/Extra?,Ролевая игра Fate/Extra для платформы PlayStation Portable была выпущена в 2010 году.,0.09375,0.1913811633400242,0.09375,False,v5_bayesian_blind_rescue,unchanged
Какой гербарий включал не менее 25 семейств эндемиков Нового Южного Уэльса в ходе Первой русской антарктической экспедиции?,"В ходе Первой русской антарктической экспедиции на судне «Винди» был собран гербарий, который включал не менее 25 семейств эндемиков Нового Южного Уэльса.",0.8725490196078431,0.7298464150951701,0.8725490196078431,True,v5_bayesian_blind_rescue,unchanged
"Как назывался суд над покойным папой Формозом, устроенный папой Стефаном VI в конце 896 или январе 897 года?","Суд над покойным папой Формозом, устроенный папой Стефаном VI в конце 896 или январе 897 года, назывался **«судом тень»** или **«судом мумии»**.",0.09375,0.18647840896899426,0.09375,False,v5_bayesian_blind_rescue,unchanged
"Какой режиссёрский фильм 1947 года стал первым в череде работ Жана-Пьера Мельвиля, основанных на литературном материале?","Фильм «Молчание моря» («Le Silence de la mer») режиссёра Жана-Пьера Мельвиля был выпущен в 1947 году и стал первым в его карьере, основанным на литературном материале. Этот фильм является экранизацией одноимённого романа Жака Превера.",0.9357142857142857,0.7657764568598845,0.9357142857142857,True,v5_bayesian_blind_rescue,unchanged
"Какую основную причину совершения убийств в Мюнхене в 2016 году назвали в докладе Министерства Внутренних дел Баварии, опубликованном в апреле 2017 года?","В докладе Министерства внутренних дел Баварии, опубликованном в апреле 2017 года, основной причиной убийств в Мюнхене в 2016 году была названа личная месть.",0.8725490196078431,0.760284928474161,0.8725490196078431,True,v5_bayesian_blind_rescue,unchanged
"Какой энциклике, посвящённой экуменическому диалогу, впервые в истории папства выпустил Иоанн Павел II в 1995 году?",Энциклика «Ut unum sint» («Да будем едиными») была выпущена Иоанном Павлом II в 1995 году и посвящена экуменическому диалогу.,0.05,0.16198292220350288,0.05,False,v5_bayesian_blind_rescue,unchanged
"В каком году Томас, 8-й барон де Клиффорд, начал строительство в замке Скиптон?","Томас, 8-й барон де Клиффорд, начал строительство замка Скиптон примерно в **1309 году**.",0.8725490196078431,0.760596786711566,0.8725490196078431,True,v5_bayesian_blind_rescue,unchanged
"Кто после разгрома Мунузы решил расправиться с Эдом Аквитанским и возглавил армию, осадившую Бордо?","После разгрома Мунузы в 732 году армией франков под предводительством Карла Мартелла, который стал известен как Карл Великий, новый лидер арабского войска, по имени Абд аль-Рахман, решил отомстить за поражение и начать новую кампанию против христианских земель. Он собрал большую армию и двинулся на юг, чтобы атаковать город Бордо, столицу Аквитании. Однако его планы были нарушены, когда он был убит во время битвы при Пуатье в 732 году. После этого сражения франки смогли остановить продвижение арабов и защитить свои земли.",0.8571428571428571,0.7295197021181924,0.8571428571428571,True,v5_bayesian_blind_rescue,unchanged
Какое решение приняло руководство Daimler в ноябре 2011 года относительно бренда Maybach?,В ноябре 2011 года руководство Daimler приняло решение прекратить производство и продажу автомобилей под брендом Maybach. Это было связано с низким спросом на автомобили этого класса и необходимостью сосредоточиться на более популярных моделях Mercedes-Benz.,0.05,0.14215221447761084,0.05,False,v5_bayesian_blind_rescue,unchanged
"В 2003 году группа религиозных деятелей, протестуя против проекта Сэмангым, совершила марш от Сэмангыма в какой город?","Группа религиозных деятелей, протестовавших против проекта Сэмангым, совершила марш от Сэмангыма в город Сеул.",0.28846153846153844,0.19321263090667115,0.28846153846153844,False,v5_bayesian_blind_rescue,unchanged
"Кто, по утверждению турецкого историка А. Оджак, организовал инцидент Бучуктепе в марте 1446 года с целью свергнуть Мехмеда II?","По утверждению турецкого историка А. Оджака, организатором инцидента Бучуктепе в марте 1446 года с целью свержения Мехмеда II был его отец, султан Мурад II.",0.6461538461538462,0.6846682446625527,0.6461538461538462,True,v5_bayesian_blind_rescue,unchanged
Сколько мест в Московской городской думе получили кандидаты от КПРФ на выборах 2019 года?,На выборах в Московскую городскую думу в 2019 году кандидаты от КПРФ не смогли получить ни одного места.,0.9357142857142857,0.787079705750586,0.9357142857142857,True,v5_bayesian_blind_rescue,unchanged
В каком году президент Билл Клинтон наградил Розу Паркс Президентской медалью Свободы?,Президент Билл Клинтон наградил Розу Паркс Президентской медалью свободы в 1996 году.,0.9357142857142857,0.7866851302783253,0.9357142857142857,True,v5_bayesian_blind_rescue,unchanged
"Кто сыграл роль старого Николая Морозова в четырёхсерийном мини-сериале «Дед Морозов», поставленном для канала НТВ в 2020 году?",Роль старого Николая Морозова в четырёхсерийном мини-сериале «Дед Морозов» на канале НТВ в 2020 году исполнил актёр **Сергей Шакуров**.,0.9357142857142857,0.791610198003348,0.9357142857142857,True,v5_bayesian_blind_rescue,unchanged
Какой город стал столицей Урарту со времени правления царя Ишпуини?,Столицей Урарту со времени правления царя Ишпуини стал город Тушпа.,0.28846153846153844,0.19862410284243745,0.28846153846153844,False,v5_bayesian_blind_rescue,unchanged
В каком году для консолей Master System и Game Gear была выпущена видеоигра Sonic the Hedgehog Chaos?,"Видеоигра ""Sonic the Hedgehog Chaos"" для консолей Sega Master System и Sega Game Gear была выпущена в 1993 году.",0.09375,0.18928918453391386,0.09375,False,v5_bayesian_blind_rescue,unchanged
"Сколько подводных лодок проекта 941 «Акула» было построено в итоге из-за договора ОСВ-1 и финансовых проблем, несмотря на первоначальный план построить 10 единиц?",Из-за договора ОСВ-1 и финансовых проблем всего было построено 6 подводных лодок проекта 941 «Акула».,0.28846153846153844,0.20800972604757473,0.28846153846153844,False,v5_bayesian_blind_rescue,unchanged
В каком году после смерти Сталина стала возможной проверка и критика фактических данных О. Б. Лепешинской?,"После смерти И. В. Сталина в 1953 году началась десталинизация советского общества, что привело к ослаблению идеологического контроля над наукой и возможностью для более объективной оценки научных достижений. Ольга Борисовна Лепешинская была известным советским биологом, которая утверждала, что она наблюдала процесс превращения неспециализированных клеток в специализированные клетки, известный как ""теория клеточной пластичности"". Однако её утверждения были подвергнуты критике со стороны других учёных, которые считали их необоснованными и противоречащими современным научным знаниям о клетке. После смерти Сталина и начала процесса десталинизации, критики Лепешинской получили больше свободы и возможности высказывать свои мнения без страха репрессий.",0.6461538461538462,0.6536085599160423,0.6461538461538462,True,v5_bayesian_blind_rescue,unchanged
В каком возрасте был расстрелян Роман Ефимович Петров?,"Роман Ефимович Петров родился 15 октября 1903 года в селе Ивановка Полтавской губернии Российской империи. Он был известным советским военным летчиком, участником Великой Отечественной войны и дважды Героем Советского Союза. 

Петров погиб во время воздушного боя с немецкими истребителями 27 июля 1943 года над Курской битвой. Ему было всего 39 лет.",0.8571428571428571,0.7270392785008148,0.8571428571428571,True,v5_bayesian_blind_rescue,unchanged
Сколько миллионов долларов пожертвовала семья Краун на строительство и проектирование Фонтана Крауна?,Семья Краун пожертвовала 10 миллионов долларов на строительство и проектирование Фонтанов Крауна в Лос-Анджелесе.,0.9357142857142857,0.7823563461654744,0.9357142857142857,True,v5_bayesian_blind_rescue,unchanged
Кто был матерью Стефана Драгутина?,Мать короля Сербии Стефана Драгутина была **Елена Анжуйская** (серб. Елена Анжујска). Она была дочерью Карла II Анжуйского и Марии Монферратской.,0.9357142857142857,0.8024488918267654,0.9357142857142857,True,v5_bayesian_blind_rescue,unchanged
Как называлась улица Плебанская или Плебанских мельниц после её переименования в 1866 году?,Улица Плебанская или Плебанских мельниц была переименована в улицу Лоскутова в 1866 году.,0.8725490196078431,0.7463452700811861,0.8725490196078431,True,v5_bayesian_blind_rescue,unchanged
"Кто принял на себя всю вину за неудачу в сражении, из-за которой президент осудил его за недостаточную бдительность, а генерал Ли сказал: «Хорошо, хорошо, генерал, похороните этих бедных парней и больше не будем об этом»?","В данном вопросе речь идет о генерале армии Конфедерации Джеймсе Лонгстрит, который был одним из самых способных командиров армии Северной Вирджинии под командованием генерала Роберта Э. Ли во время Гражданской войны в США. В битве при Геттисберге, которая произошла 1-3 июля 1863 года, армия Конфедерации потерпела поражение от армии Союза. После битвы генерал Ли выразил свое недовольство действиями Лонгстрита, обвинив его в недостаточной бдительности и плохой координации с другими командирами. Однако, несмотря на это, Лонгстрит продолжал служить в армии Конфедерации до ее капитуляции в апреле 1865 года.",0.8490566037735849,0.7061313420964912,0.8490566037735849,True,v5_bayesian_blind_rescue,unchanged
"В каком году, согласно османским хроникам, упомянутым И. Узунчаршилы, произошло окончательное завоевание бейлика Карасы?",Окончательное завоевание бейлика Карасы османами произошло в 1390 году.,0.9166666666666666,0.7658090961068376,0.9166666666666666,True,v5_bayesian_blind_rescue,unchanged
"Кому в мае 1954 года Хаггерти предложил идею производства транзисторных приёмников после отказа со стороны RCA, Philco и Emerson?",В мае 1954 года Хаггерти предложил идею производства транзисторных приёмников компании Texas Instruments (TI).,0.05,0.16855984838115654,0.05,False,v5_bayesian_blind_rescue,unchanged
Кто стал навабом Бенгалии после смерти Аливарди-хана в апреле 1756 года?,После смерти Аливарди-хана в апреле 1756 года на престол взошел его сын Сикандар-шах.,0.8571428571428571,0.7372892308067573,0.8571428571428571,True,v5_bayesian_blind_rescue,unchanged
В каком году был ликвидирован Северный кружок любителей изящных искусств?,Северный кружок любителей изящных искусств был ликвидирован в 1860 году.,0.9357142857142857,0.7765981267685061,0.9357142857142857,True,v5_bayesian_blind_rescue,unchanged
Кем по отношению к фракийскому царю Керсоблепту стал Харидем?,Харидем стал стратегом Фракии и ближайшим советником царя Керсоблепта.,0.8571428571428571,0.7140376339320165,0.8571428571428571,True,v5_bayesian_blind_rescue,unchanged
Какое государство в 1808 году отобрало у Швеции Финляндию по итогам Тильзитского мира и Эрфуртского конгресса?,В 1808 году Россия отобрала у Швеции Финляндию по итогам Тильзитского мира и Эрфуртского конгресса.,0.05,0.1627591302894344,0.05,False,v5_bayesian_blind_rescue,unchanged
"В какой список игр был включён Overlord (игра, 2007) журналом Eurogamer в декабре 2007 года?","Журналом Eurogamer в декабре 2007 года была включена игра ""Overlord"" в список лучших игр года.",0.9357142857142857,0.7695910106844531,0.9357142857142857,True,v5_bayesian_blind_rescue,unchanged
"Какое произведение Франсиско Гойи стало сюжетом для испанских почтовых марок 1920—1930-х годов, ставших манифестацией «махизма»?","Франсиско Гойя создал множество произведений, которые стали символами испанского искусства и культуры. Однако, если говорить о произведениях, которые были использованы в качестве сюжета для испанских почтовых марок в период с 1920 по 1930-е годы, то одним из наиболее известных является картина ""Маха обнажённая"" (La maja desnuda). Эта работа была создана художником около 1800 года и стала символом испанской живописи эпохи романтизма. В 1920-х годах она была выбрана как один из символов возрождения национального самосознания после периода диктатуры генерала Примо де Риверы. На марках изображалась именно эта картина, что подчёркивало важность культурного наследия Испании и её стремление к восстановлению своей идентичности на международной арене.",0.6461538461538462,0.6428638891808969,0.6461538461538462,True,v5_bayesian_blind_rescue,unchanged
"Кому принадлежат текст и аранжировки композиции «Где-то между», выпущенной Вадимом Самойловым в 2017 году?","Композиция «Где-то между» была выпущена Вадимом Самойловым в 2017 году. Текст песни написал сам Вадим Самойлов, а музыку к ней также создал он. Таким образом, авторство текста и музыки принадлежит самому Вадиму Самойлову.",0.9357142857142857,0.7741606350495481,0.9357142857142857,True,v5_bayesian_blind_rescue,unchanged
"Кто возглавлял делегацию Александрийской церкви, прибывшую в Эфес в начале июня 431 года для участия в Третьем Вселенском соборе?","Делегацию Александрийской церкви на Третьем Вселенском соборе в Эфесе возглавил **Феофил**, архиепископ Александрийский.",0.95,0.8185796349972657,0.95,True,v5_bayesian_blind_rescue,unchanged
"Кем был осуждён на смертную казнь Пифон, телохранитель Александра Македонского и регент Македонской империи?","Пифон был телохранителем Александра Македонского и регентом Македонской империи после его смерти. После смерти Александра в 323 году до н.э., Пифон стал одним из ключевых фигур в управлении империей. Однако вскоре он был обвинён в заговоре против регента Пердикки и казнён.",0.8490566037735849,0.698719787522892,0.8490566037735849,True,v5_bayesian_blind_rescue,unchanged
"Как называлась книга 1623 года, в которой впервые были изданы 36 пьес Уильяма Шекспира?","Книга, о которой идет речь, называется **«Первое фолио»** или **«Мемориальное издание пьес Уильяма Шекспира»**. Она была опубликована в 1623 году и содержала 36 пьес Шекспира, включая многие из его самых известных произведений.",0.05,0.181838678824595,0.05,False,v5_bayesian_blind_rescue,unchanged
"Как называлась организация для нелегальной иммиграции, созданная сионистами в 1937 году?","Организация для нелегальной иммиграции, созданная сионистами в 1937 году, называлась ""Моссад ле-Алия Бет"" (Mossad Le-Aliyah Bet).",0.05,0.16520226643530977,0.05,False,v5_bayesian_blind_rescue,unchanged
Кем был установлен бюст у входа в Чапаевский парк со стороны Ленинградского проспекта в 1970—1980-х годах вместе с Н. С. Строевым?,Бюст у входа в Чапаевский парк со стороны Ленинградского проспекта в 1970—1980-х годах был установлен совместно скульптором Николаем Сергеевичем Строевым и архитектором Алексеем Ивановичем Душкиным.,0.95,0.8022684097917097,0.95,True,v5_bayesian_blind_rescue,unchanged
"Кто в 1513 году, пройдя Панамский перешеек, увидел Тихий океан и назвал его «Южным морем»?","В 1513 году испанский конкистадор Васко Нуньес де Бальбоа первым из европейцев пересек Панамский перешеек и вышел к Тихому океану. Он назвал его «Южное море», так как считал, что оно находится на юге от Америки.",0.05263157894736842,0.20028368205493008,0.05263157894736842,False,v5_bayesian_blind_rescue,unchanged
Кто снял фильм «День сурка» (1993)?,Фильм «День сурка» 1993 года был снят режиссёром Гарольдом Рэмисом.,0.05,0.15019144340856377,0.05,False,v5_bayesian_blind_rescue,unchanged
Кто заменил Джона Терри на посту капитана сборной Англии 5 февраля 2010 года?,Капитаном сборной Англии после отставки Джона Терри стал Рио Фердинанд.,0.9357142857142857,0.7970101071150234,0.9357142857142857,True,v5_bayesian_blind_rescue,unchanged
"Кто командовал армией и одержал победу над Катилиной в битве под Писторией в январе 62 года до н. э., после того как Гай Антоний Гибрида передал ему командование?",В битве под Писторией в январе 62 года до н. э. победу над Катилиной одержал **Гней Октавий**.,0.9357142857142857,0.7923703004862698,0.9357142857142857,True,v5_bayesian_blind_rescue,unchanged
"Кем был автор памятника советскому разведчику Геворку Вартаняну, открытого в Москве на Троекуровском кладбище 24 октября 2012 года?","Автором памятника советскому разведчику Геворку Вартаняну, открытого в Москве на Троекуровском кладбище 24 октября 2012 года, является скульптор Зураб Церетели.",0.95,0.7895809950814332,0.95,True,v5_bayesian_blind_rescue,unchanged
Сколько слов в неделю разрешалось Юджину Дебсу рассылать в рамках президентской кампании 1920 года после давления прессы на министерство юстиции в сентябре?,"В рамках президентской кампании 1920 года Юджин Дебс был ограничен в количестве слов, которые он мог рассылать еженедельно, из-за давления со стороны Министерства юстиции США и прессы. В сентябре 1920 года ему было разрешено рассылать не более 500 слов в неделю.",0.9357142857142857,0.7668571258030393,0.9357142857142857,True,v5_bayesian_blind_rescue,unchanged
Кто описал сибирского воронка в 1811 году?,Сибирский воронок был описан в 1811 году русским натуралистом Петром Симоном Палласом.,0.8725490196078431,0.7755321487576753,0.8725490196078431,True,v5_bayesian_blind_rescue,unchanged
"Где в настоящее время выставляется картина Архипа Куинджи «Берёзовая роща» (изначальная версия, созданная в 1879 году)?","Картина Архипа Куинджи «Берёзовая роща», написанная им в 1879 году, находится в Государственной Третьяковской галерее в Москве.",0.28846153846153844,0.21282046279800249,0.28846153846153844,False,v5_bayesian_blind_rescue,unchanged
"Кто был инициатором истории с картонами Рубенса, желая заполучить некоторые вещи художника для своей коллекции?","Инициатором истории с картонами Рубенса, желавшим заполучить некоторые вещи художника для своей коллекции, был король Франции Людовик XIV.",0.95,0.8054610140815064,0.95,True,v5_bayesian_blind_rescue,unchanged
"Кто сопровождал Марию Стюарт, принцессу Оранскую, в Нидерланды в феврале 1642 года и впоследствии стал её доверенным лицом и компаньонкой?",В феврале 1642 года Марию Стюарт сопровождала в Нидерланды её компаньонка Элизабет Клерк. Впоследствии она стала доверенным лицом и компаньонкой Марии Стюарт.,0.8636363636363636,0.7554631633094289,0.8636363636363636,True,v5_bayesian_blind_rescue,unchanged
Как погиб Мехмет-бей II Караманид во время осады Антальи?,"Мехмет-бей II Караманид погиб во время осады Антальи в 1426 году. Он был убит стрелой, выпущенной из арбалета, когда находился на стене города.",0.7142857142857143,0.6766429905626538,0.7142857142857143,True,v5_bayesian_blind_rescue,unchanged
В каком году норманны полностью разграбили трирское аббатство Святого Максимина и уничтожили его книжное собрание?,Норманнские набеги на Трирское аббатство Святого Максимина произошли в 882 году. В ходе этих набегов норманны разграбили аббатство и уничтожили значительную часть его книжного собрания.,0.8571428571428571,0.714215052897158,0.8571428571428571,True,v5_bayesian_blind_rescue,unchanged
Кто возглавлял исихастское движение в Византии в XIV веке?,"Исихазм — это течение в православном богословии и духовной жизни, которое получило широкое распространение в Византийской империи в XIV веке. Его основоположником считается Григорий Палама, архиепископ Фессалоникийский. Он разработал учение о божественных энергиях и их проявлении через нетварный свет, который был явлен ученикам на горе Афон во время молитвы. Это событие стало отправной точкой для развития исихазма как особого пути к Богу через молитву и созерцание.

Григорий Палама активно защищал свои взгляды от критики со стороны противников, таких как Варлаам Калабрийский и Акиндин. В результате этих споров были сформулированы основные положения паламитского учения, которые легли в основу православной догматики.

Таким образом, Григорий Палама является ключевой фигурой в истории исихастского движения в Византии XIV века.",0.09375,0.21050554982785097,0.09375,False,v5_bayesian_blind_rescue,unchanged
"Кто в книге «Третьяков» 2004 года писал, что весной 1882 года приносил дочь Татьяну копировать картину «Странник» Перова?",В книге «Третьяков» 2004 года эту информацию приводит Сергей Николаевич Грачёв.,0.9357142857142857,0.8008852676591336,0.9357142857142857,True,v5_bayesian_blind_rescue,unchanged
Какое количество бинокулярных дальномеров «Барра и Струда» было установлено на каждом корабле типа «Орион»?,"На каждом корабле типа ""Орион"" было установлено по два бинокулярных дальномера ""Барра и Струда"".",0.6461538461538462,0.6477773580383648,0.6461538461538462,True,v5_bayesian_blind_rescue,unchanged
"Кто, по словам Эльфенгрена, заставил его начать выступление Северо-Ингерманландского батальона?","По словам Эльфенгрена, его выступление Северо-Ингерманландского батальона было инициировано командующим 1-й армией генералом Ренненкампфом.",0.8571428571428571,0.7504240146762579,0.8571428571428571,True,v5_bayesian_blind_rescue,unchanged
"Кто был единственным сыном Давида I и Матильды, достигшим зрелого возраста и ставшим Генрихом Шотландским, графом Хантингдоном?","Единственным сыном Давида I и Матильды, достигшим зрелого возраста и ставшим Генрихом Шотландским, графом Хантингдона, был **Генрих** (Henry).",0.28846153846153844,0.2347621331512805,0.28846153846153844,False,v5_bayesian_blind_rescue,unchanged
Какое государство проигнорировало созванный Филиппом II в конце 338 года Коринфский конгресс?,"Государством, которое проигнорировало созванный Филиппом II в конце 338 года Коринфский конгресс, был Афины.",0.8490566037735849,0.6655718145134389,0.8490566037735849,True,v5_bayesian_blind_rescue,unchanged
В каком году началось строительство первой очереди района Песчаных улиц?,Строительство первой очереди района Песчаных улиц в Москве началось в 1970-х годах.,0.9357142857142857,0.7831291880695019,0.9357142857142857,True,v5_bayesian_blind_rescue,unchanged
В каком году в рамках конституционной революции евреям Персии было официально гарантировано гражданское и экономическое равноправие?,1906 год,0.28846153846153844,0.24733795803124284,0.28846153846153844,False,v5_bayesian_blind_rescue,unchanged
"В каком году Деметрий Полиоркет объявил себя царём, после чего его жена Фила, дочь Антипатра, получила титул царицы?","Деметрий Полиоркет объявил себя царём в 306 году до н. э., а его жена Фила, дочь Антипатра, получила титул царицы в том же году.",0.28846153846153844,0.20816111979607718,0.28846153846153844,False,v5_bayesian_blind_rescue,unchanged
Кем и для какого иконостаса была создана икона «Распятие» около 1500 года?,"Икона «Распятие», созданная около 1500 года, относится к искусству Новгорода. Она была выполнена для иконостаса церкви Спаса Преображения на Ильине улице в Новгороде.",0.8490566037735849,0.6941330957187438,0.8490566037735849,True,v5_bayesian_blind_rescue,unchanged
Какой джазовый альбом был первым записанным в Соединённых Штатах при помощи цифровой аппаратуры?,"Первым джазовым альбомом, который был записан с использованием цифровой аппаратуры в США, стал альбом ""Bitches Brew"" Майлза Дэвиса, выпущенный в 1970 году. Этот альбом считается одним из самых важных и влиятельных в истории джаза, так как он открыл путь для экспериментов с электронными инструментами и звуковыми эффектами, которые стали характерными для джаз-фьюжн музыки.",0.9357142857142857,0.7579622025015601,0.9357142857142857,True,v5_bayesian_blind_rescue,unchanged
В каком году игра Rockstar Games presents Table Tennis была портирована на консоль Wii?,"Игра ""Rockstar Games Presents Table Tennis"" была портирована на консоль Wii в 2007 году.",0.05,0.1654265482742471,0.05,False,v5_bayesian_blind_rescue,unchanged
Кто является главным героем игры «Clive Barker’s Undying»?,"Главный герой игры ""Clive Barker's Undying"" — Патрик Гэллоуэй. Он бывший военный и маг, который возвращается в свой родовой замок после смерти своего брата Иеремии. В замке он сталкивается с множеством сверхъестественных существ и пытается разгадать тайну того, что произошло с его братом и почему замок стал местом зловещих событий.",0.9357142857142857,0.7949662579048088,0.9357142857142857,True,v5_bayesian_blind_rescue,unchanged
Кто в сезоне 2008/2009 был самым высокооплачиваемым игроком «Кливленд Кавальерс»?,Самым высокооплачиваемым игроком «Кливленд Кавальерс» в сезоне 2008/2009 года был Леброн Джеймс.,0.05,0.15124895662508028,0.05,False,v5_bayesian_blind_rescue,unchanged
Когда умер император Тит?,Император Тит Флавий Веспасиан скончался 13 сентября 81 года нашей эры в возрасте 52 лет.,0.8571428571428571,0.7053225007478128,0.8571428571428571,True,v5_bayesian_blind_rescue,unchanged
"Кто является автором памятника «Треблинка», установленного в 1979 году в Берлине?","Автором памятника «Треблинка», установленного в 1979 году в Берлине, является скульптор Арно Брекер.",0.9357142857142857,0.7900582392779398,0.9357142857142857,True,v5_bayesian_blind_rescue,unchanged
Кто первым принёс акварельные краски в дом Ильи Ефимовича Репина?,Акварельные краски впервые появились в доме художника Ильи Ефимовича Репина благодаря его жене Вере Алексеевне. Она привезла их из поездки за границу и познакомила мужа с этим видом живописи.,0.7142857142857143,0.6958235663042011,0.7142857142857143,True,v5_bayesian_blind_rescue,unchanged
"Кто был тёткой Мэри Уэлен-Леонард, которая работала медсестрой до 1942 года, а затем стала физиотерапевтом и участвовала в борьбе против полиомиелита?","Тётка Мэри Уэлен-Леонард была её двоюродной сестрой, Элеонора Леонард.",0.8490566037735849,0.711963517154572,0.8490566037735849,True,v5_bayesian_blind_rescue,unchanged
В каком городе родился Децим Клодий Альбин?,"Децим Клодий Альбин родился в городе Цизальпинская Галлия, который сейчас известен как Милан, Италия.",0.38461538461538464,0.6321008235116558,0.38461538461538464,False,v5_bayesian_blind_rescue,unchanged
На каком месте по продажам в Великобритании за первую неделю после релиза оказалась игра Dishonored на всех платформах?,"Игра ""Dishonored"" заняла первое место по продажам в Великобритании за первую неделю после релиза на всех платформах.",0.28846153846153844,0.6228803930135726,0.28846153846153844,False,v5_bayesian_blind_rescue,unchanged
Какова была явка избирателей в Алматинской области на парламентских выборах в Казахстане 2012 года?,"На парламентских выборах в Казахстане в 2012 году в Алматинской области явка избирателей составила **83,7%**.",0.8571428571428571,0.726265356520892,0.8571428571428571,True,v5_bayesian_blind_rescue,unchanged
Кем был впервые найден вид Vicia dennesiana около 1845 года?,Вид Vicia dennesiana был впервые обнаружен в районе Деннис на острове Уайт в Англии в 1845 году.,0.05,0.17362911228370714,0.05,False,v5_bayesian_blind_rescue,blind_recall_rescue_fp
"Кто выступал обвинителем Публия Ватиния на суде, состоявшемся вскоре после истечения его трибунских полномочий в 59 году до н. э.?","На суде, который состоялся вскоре после истечения трибунатства Публия Ватиния в 59 году до н. э., обвинителем выступил **Гай Юлий Цезарь**.",0.8725490196078431,0.7774977508684113,0.8725490196078431,True,v5_bayesian_blind_rescue,unchanged
Кто руководил тральной операцией «Розница» в проливе Корфу 12—13 ноября 1946 года?,Руководителем траления мин в проливе Корфу с 12 по 13 ноября 1946 года был капитан 1-го ранга Николай Александрович Слюсаренко.,0.9357142857142857,0.7905634013582485,0.9357142857142857,True,v5_bayesian_blind_rescue,unchanged
"Какое произведение Владимира Высоцкого, фрагменты которого он читал Василию Аксёнову, было обнаружено в его бумагах после смерти поэта в июле 1980 года?",В бумагах Владимира Высоцкого после его смерти в июле 1980 года был обнаружен фрагмент произведения под названием «Я не люблю».,0.95,0.7790769095424429,0.95,True,v5_bayesian_blind_rescue,unchanged
Какое таинственное существо из стихотворения Дж. Р. Р. Толкина «Приключения Тома Бомбадила» было захвачено Томом Бомбадилом и стало его женой?,"В стихотворении Джона Рональда Руэла Толкина «Приключения Тома Бомбадила» загадочное существо, которое Том Бомбадил захватил и сделал своей женой, — это Золотинка.",0.95,0.8083034590061144,0.95,True,v5_bayesian_blind_rescue,unchanged
Кто был основателем костёла Святого Вита в Чески-Крумлове?,"Основателем костёла Святого Вита в Чески-Крумлове был Ян из Рожмберка, который начал строительство этого храма в 1579 году.",0.8490566037735849,0.7072270146778311,0.8490566037735849,True,v5_bayesian_blind_rescue,unchanged
Когда родился Джеффри Хадсон?,Джеффри Хадсон родился в 1619 году.,0.8725490196078431,0.7507855429166598,0.8725490196078431,True,v5_bayesian_blind_rescue,unchanged
В каком году вышла киноадаптация манги «GUNNM» (Battle Angel) под названием «Алита: Боевой ангел»?,Киноадаптация манги «GUNNM» (известной как «Battle Angel») под названием «Алита: Боевой ангел» была выпущена в 2019 году.,0.09375,0.19949614807314445,0.09375,False,v5_bayesian_blind_rescue,unchanged
"В каком музее хранится акварельный этюд «Голова боярышни», созданный В. И. Суриковым для картины «Взятие снежного городка»?","Акварельный этюд «Голова боярышни», созданный Василием Ивановичем Суриковым для картины «Взятие снежного городка», хранится в Государственной Третьяковской галерее в Москве.",0.28846153846153844,0.3319298575518277,0.28846153846153844,False,v5_bayesian_blind_rescue,unchanged
В каком году были прекращены эксперименты со стрельбой нарезными снарядами из 122-мм пушки образца 1931 года (А-19)?,Эксперименты со стрельбой нарезными снарядами из 122-мм пушки образца 1931 года (А-19) были прекращены в 1940 году.,0.9357142857142857,0.7747826060699733,0.9357142857142857,True,v5_bayesian_blind_rescue,unchanged
"Кого называл «сыном Зевса» Анаксарх в анекдоте, приведённом Плутархом?",Анаксарх называл Александра Македонского «сыном Зевса».,0.09375,0.1972636670227513,0.09375,False,v5_bayesian_blind_rescue,unchanged
Кому был передан замок Бруэм в 1322 году после казни Роджера Клиффорда?,Замок Бруэм был передан королю Эдуарду II после казни Роджера Клиффорда в 1322 году.,0.6461538461538462,0.6537128774569931,0.6461538461538462,True,v5_bayesian_blind_rescue,evidence_refuted_boost_fn
Какой срок наказания был назначен Сергею Александровичу Помазуну в апреле 2005 года за угон автомобилей?,В апреле 2005 года Сергею Александровичу Помазуну было назначено наказание в виде лишения свободы на срок 1 год и 6 месяцев за угон автомобилей.,0.9166666666666666,0.7474136705196336,0.9166666666666666,True,v5_bayesian_blind_rescue,unchanged
Кто в 1227 году отлучил императора Священной Римской империи Фридриха II от церкви?,"В 1227 году папа римский Григорий IX отлучил императора Священной Римской империи Фридриха II от церкви за то, что тот не выполнил свои обеты по крестовому походу.",0.8490566037735849,0.7167030035372143,0.8490566037735849,True,v5_bayesian_blind_rescue,unchanged
"Какой доход в год от таможенных поступлений на Карибских островах достиг к моменту смерти Джеймса Хэя, 1-го графа Карлайла?","К моменту смерти Джеймса Хэя, 1-го графа Карлайла, доходы от таможенных поступлений на Карибских островах достигли примерно 200 тысяч фунтов стерлингов в год.",0.8725490196078431,0.7430600630917769,0.8725490196078431,True,v5_bayesian_blind_rescue,unchanged
"С кем вступила во второй брак Елена, дочь Петра Аркадьевича Столыпина?",Елена Петровна Столыпина (в девичестве Трубецкая) вышла замуж за князя Дмитрия Дмитриевича Оболенского в 1906 году.,0.8571428571428571,0.7278909122994518,0.8571428571428571,True,v5_bayesian_blind_rescue,unchanged
Какой цвет кожи у Вишну в индуистской иконографии?,В индуистской иконографии бог Вишну изображается с кожей синего цвета. Этот цвет символизирует его божественную природу и связь с космическими силами.,0.05,0.1614209510575194,0.05,False,v5_bayesian_blind_rescue,unchanged
Какой фермент катализирует превращение глюкозо-6-фосфата в 6-фосфоглюконо-δ-лактон на окислительном этапе пентозофосфатного пути?,"Фермент, который катализирует превращение глюкозо-6-фосфата в 6-фосфоглюконо-δ-лактон на окислительном этапе пентозофосфатного пути, называется глюкозо-6-фосфатдегидрогеназа (G6PD). Этот фермент играет ключевую роль в окислительном этапе пентозофосфатного пути, обеспечивая образование НАДФН и рибозо-5-фосфата из глюкозы-6-фосфата.",0.05,0.169283373267222,0.05,False,v5_bayesian_blind_rescue,unchanged
В каком году Билефельдский университет приобрёл литературное наследие Никласа Лумана?,Билефельдский университет приобрёл литературное наследие Никласа Лумана в 2015 году.,0.95,0.7914304483630709,0.95,True,v5_bayesian_blind_rescue,unchanged
"Какая разновидность ненецкого языка, бывшая в ходу на Новой Земле, вымерла в 1950-х годах?","Ненецкий язык, бывший в ходу на Новой Земле и вымерший в 1950-х годах, называется **новоземельский ненецкий язык**.",0.05,0.16760531583258273,0.05,False,v5_bayesian_blind_rescue,unchanged
"В каком городе, прославившемся медициной и переливанием крови, разворачивается действие игры «Bloodborne»?",Действие игры «Bloodborne» разворачивается в вымышленном городе Ярнам. Этот город стал знаменитым благодаря своей медицине и исследованиям в области переливания крови.,0.28846153846153844,0.23253476830093503,0.28846153846153844,False,v5_bayesian_blind_rescue,unchanged
Кто в феврале 1347 года был послан королём Эдуардом III в Шотландию для участия в суде над графами Ментейта и Файфа?,"В феврале 1347 года король Англии Эдуард III отправил в Шотландию своего представителя — Уильяма Монтегю, графа Солсбери, чтобы он участвовал в суде над шотландскими графами Уильямом Дугласом, 6-м графом Атоллом, и Джоном Стюартом, 2-м графом Файфом.",0.8725490196078431,0.7711585429814152,0.8725490196078431,True,v5_bayesian_blind_rescue,unchanged
"Кем является философ, чья концепция «Бог или Природа» относится к пантеизму как течению относительного метафизического атеизма?","Философом, чьё понятие «Бог или природа» связано с пантеизмом и относится к течению относительно метафизического атеизма, является Бенедикт Спиноза.",0.09375,0.1896573984545762,0.09375,False,v5_bayesian_blind_rescue,unchanged
Кем был Лоренс Олифант командирован в Торонто зимой 1873 года?,Лоренс Олифант был командирован в Торонто зимой 1873 года как представитель британской короны и дипломатический посланник. Он был назначен на эту должность королевой Викторией.,0.8490566037735849,0.6864420346041694,0.8490566037735849,True,v5_bayesian_blind_rescue,unchanged
"Кто из участников Британской экспедиции на Джомолунгму 1922 года дал ответ «потому, что она есть» на вопрос о желании покорить вершину?","Ответ «потому, что она есть» на вопрос о желании покорить вершину дал Джордж Мэллори в ходе Британской экспедиции на Джомолунгму 1922 года.",0.05,0.1656924858791249,0.05,False,v5_bayesian_blind_rescue,unchanged
"Кто в 1929 году в письме Виланду Майру утверждал, что алкоголь не играл никакой роли в творчестве Эрика Сати?","В письме Виланду Майру в 1929 году утверждал, что алкоголь не играл никакой роли в творчестве Эрика Сати, французский композитор и пианист **Жак-Ибер**.",0.9357142857142857,0.7907738679403971,0.9357142857142857,True,v5_bayesian_blind_rescue,unchanged
"Как называлась первая музыкальная группа Варга Викернеса, созданная в 1988 или 1989 году?","Первая музыкальная группа Варга Викернеса, созданная в 1988 или 1989 году, называлась **""Kalashnikovs""**.",0.8725490196078431,0.7541634494030998,0.8725490196078431,True,v5_bayesian_blind_rescue,unchanged
Кем был руководим проект Дворца культуры Минского тракторного завода в Тракторозаводском посёлке?,Проект Дворца культуры Минского тракторного завода в Тракторозаводском посёлке был разработан архитектором Александром Александровичем Гецелем.,0.95,0.8102672882184403,0.95,True,v5_bayesian_blind_rescue,unchanged
Какое прозвище дала школьная учительница Юнатану в некрологе за спасение брата из пожара в книге Астрид Линдгрен «Братья Львиное сердце»?,В книге Астрид Линдгрен «Братья Львиное сердце» учительница назвала Юнатана «Львиным сердцем».,0.8490566037735849,0.6758726337193387,0.8490566037735849,True,v5_bayesian_blind_rescue,unchanged
"Кем стала одна из дочерей Гамилькара Барка, ставшая прототипом главной героини романа Гюстава Флобера «Саламбо»?","Одна из дочерей Гамилькара Барка, которая стала прототипом главной героини романа Гюстава Флобера «Саламбо», была по имени Саламбо.",0.6461538461538462,0.6583452361162464,0.6461538461538462,True,v5_bayesian_blind_rescue,unchanged
"Кто стал первой в истории женщиной на посту комиссара профессиональной спортивной лиги, заняв эту должность в World Team Tennis в 1984 году?",Первой женщиной на посту комиссара профессиональной спортивной лиги стала **Энн МакКормак** (Anne McCormack). Она заняла эту должность в World Team Tennis в 1984 году.,0.8725490196078431,0.7785852220827713,0.8725490196078431,True,v5_bayesian_blind_rescue,unchanged
Какое здание было подожжено белыми активистами во время беспорядков в Уилмингтоне в ноябре 1898 года?,"Во время беспорядков в Уилмингтоне в ноябре 1898 года белые активисты подожгли здание местной газеты ""Wilmington Daily Record"". Это событие стало одним из самых известных актов насилия против афроамериканцев и прессы на юге США в конце XIX века.",0.95,0.7934846309044367,0.95,True,v5_bayesian_blind_rescue,unchanged
В каком году Владимир Высоцкий написал пародийную «цыганскую» песню «На степи молдаванские // Пролился свет костров…» для студенческого спектакля во время учёбы в Школе-студии МХАТ?,Владимир Высоцкий написал пародийную «цыганскую» песню «На степи молдаванские // Пролился свет костров…» в 1957 году для студенческого спектакля во время учёбы в Школе-студии МХАТ.,0.8725490196078431,0.7569442967971393,0.8725490196078431,True,v5_bayesian_blind_rescue,unchanged
Из чего состоит геном вирофага Замилон?,"Геном вирофага Замилон представляет собой кольцевую молекулу ДНК, которая содержит информацию для синтеза белков и РНК, необходимых для размножения вируса внутри клетки-хозяина.",0.38461538461538464,0.6315119567186778,0.38461538461538464,False,v5_bayesian_blind_rescue,unchanged
В каком году альбом Headhunters джазового пианиста Херби Хэнкока сделал инструмент хиндеху широко известным в западной музыке?,"Альбом ""Headhunters"" джазового пианиста Херби Хэнкока был выпущен в 1973 году и стал одним из самых известных альбомов в жанре джаз-фьюжн. Он включал в себя такие композиции, как ""Chameleon"", ""Watermelon Man"" и ""Seen You 'Round"". Альбом получил признание критиков и коммерческий успех, а также помог популяризировать использование синтезаторов и других электронных инструментов в джазовой музыке.",0.9357142857142857,0.7726674434420738,0.9357142857142857,True,v5_bayesian_blind_rescue,unchanged
"Кто в середине X века рассказал о славянских племенах Рашки, Дукли, Травунии, Захумья, Пагании и Боснии?","В середине X века византийский император Константин VII Багрянородный написал трактат «Об управлении империей», где подробно описал различные народы и племена Балканского полуострова, включая славянские племена Рашки, Дукли, Травунию, Захумья, Пагании и Боснию.",0.09375,0.21262696413401416,0.09375,False,v5_bayesian_blind_rescue,unchanged
"Какая организация включила огненногрудую петроику в список видов, близких к уязвимому положению?","Огненно-грудая петроика была включена в список видов, близких к уязвимому положению, организацией BirdLife International.",0.09375,0.17287660204079444,0.09375,False,v5_bayesian_blind_rescue,unchanged
Какого цвета споровый порошок у всех видов рода Энтолома?,Споровый порошок у всех видов рода Entoloma имеет розовый цвет.,0.09375,0.19257798034202625,0.09375,False,v5_bayesian_blind_rescue,unchanged
Кто из премьер-министров Швеции оставался в неведении о присутствии шпиона Стига Веннерстрёма в шведской разведке вплоть до его ареста?,Премьер-министр Швеции Улоф Пальме оставался в неведении о присутствии шпиона Стига Веннерстрёма в шведской разведке вплоть до его ареста.,0.28846153846153844,0.6489494418952195,0.28846153846153844,False,v5_bayesian_blind_rescue,unchanged
"Кто, по мнению искусоведа Ольги Лясковской, послужил прототипом для ряда женских фигур в картине Карла Брюллова «Последний день Помпеи»?","По мнению искусоведа Ольги Лясковской, в качестве прототипов для ряда женских фигур в картине Карла Брюллова «Последний день Помпеи» послужили его современницы — художница Елена Павловна и актриса Мария Николаевна Ермолова.",0.8725490196078431,0.7778731889258186,0.8725490196078431,True,v5_bayesian_blind_rescue,unchanged
В каком году Маргарита Йоркская вышла замуж за Карла Смелого?,Маргарита Йоркская вышла замуж за Карла Смелого в 1468 году.,0.28846153846153844,0.2503735402102975,0.28846153846153844,False,v5_bayesian_blind_rescue,unchanged
Кто в апреле 1082 года принял командование армией в Отранто для подавления феодального мятежа в Апулии?,В апреле 1082 года командование армией в Отранто для подавления феодального мятежа в Апулии принял Роберт Гвискар.,0.09904273638868846,0.21617571809437355,0.09904273638868846,False,v5_bayesian_blind_rescue,unchanged
"Против кого Джон Макинрой играл в финале Открытого чемпионата Франции в 1984 году, где он упустил свой самый реальный шанс выиграть этот турнир?",В финале Открытого чемпионата Франции по теннису 1984 года Джон Макинрой проиграл Ивану Лендлу.,0.05,0.17060866361249252,0.05,False,v5_bayesian_blind_rescue,unchanged
Кто разработал язык Tcl?,"Язык Tcl (Tool Command Language) был разработан Джоном Оустерхаутом в 1988 году. Он изначально создавался как инструмент для автоматизации задач и написания скриптов, но со временем превратился в полноценный язык программирования с широким спектром применений.",0.28846153846153844,0.272072849591026,0.28846153846153844,False,v5_bayesian_blind_rescue,unchanged
Кто позировал художнику для фигуры невесты в картине «Сватовство майора»?,Позировала художнику для фигуры невесты в картине «Сватовство майора» Софья Николаевна Шереметева.,0.95,0.8102380366388457,0.95,True,v5_bayesian_blind_rescue,unchanged
"В каком году в Россию впервые попал спирт, привезённый генуэзским посольством под названием «аква вита»?","Спирт, привезённый генуэзским посольством под названием «аква вита», впервые попал в Россию в 1386 году.",0.8490566037735849,0.698716919995381,0.8490566037735849,True,v5_bayesian_blind_rescue,unchanged
В честь кого в 1919 году была переименована Дубровинская улица в Екатеринбурге?,В 1919 году Дубровинская улица в Екатеринбурге была переименована в улицу имени Якова Михайловича Свердлова.,0.05,0.167939698812009,0.05,False,v5_bayesian_blind_rescue,unchanged
В каком году впервые была поставлена последняя большая работа Эфуа Теодора Сазерленда «The Marriage of Anansewa»?,Последняя крупная работа Эфуа Теодора Сазерленда «The Marriage of Anansewa» была впервые поставлена в 1968 году.,0.09375,0.19073190788897643,0.09375,False,v5_bayesian_blind_rescue,unchanged
В какой части города Барнаула концентрация промышленных предприятий приводит к превышению предельно допустимой концентрации выбросов кадмия в 10 раз?,"Концентрация промышленных предприятий, приводящая к превышению предельно допустимой концентрации выбросов кадмия в 10 раз, находится в районе завода «Барнаульский завод цветных металлов» и прилегающих к нему территорий.",0.8725490196078431,0.7306824415781611,0.8725490196078431,True,v5_bayesian_blind_rescue,unchanged
Какое морское сражение 394 года стало местом первого предполагаемого подвига Ификрата?,"Морское сражение в 394 году до н. э., которое считается местом первого предполагаемого подвига Ификрата, — это битва при Кизике.",0.09375,0.17269373496707452,0.09375,False,v5_bayesian_blind_rescue,blind_recall_rescue_fp
С кем в паре Мартина Навратилова выиграла Открытый чемпионат США в смешанном парном разряде в сезоне 2006 года?,Мартина Навратилова в паре с Бобом Брайаном выиграла Открытый чемпионат США по теннису в смешанном парном разряле в сезоне 2006 года.,0.8725490196078431,0.7537914112222851,0.8725490196078431,True,v5_bayesian_blind_rescue,unchanged
Какая религия является доминирующей среди минахасцев?,"Минахасцы исповедуют ислам, который является доминирующей религией в этом регионе.",0.8490566037735849,0.6614326014599073,0.8490566037735849,True,v5_bayesian_blind_rescue,unchanged
Сколько евреев погибло в ходе погрома в Хевроне?,"Погромы в Хевроне происходили неоднократно на протяжении истории. Один из самых известных и трагических событий произошел в 1929 году, когда арабские жители города напали на еврейскую общину, убив десятки людей и разрушив синагоги и дома. В результате этого погрома погибли около 67 евреев.",0.28846153846153844,0.2266719444693872,0.28846153846153844,False,v5_bayesian_blind_rescue,unchanged
Кто стал новым командиром Ольстерских добровольческих сил после ареста и приговора Спенса?,"После ареста и вынесения приговора Уильяму Спенсу, который был первым командующим Ольстерскими добровольческими силами (UVF), новым командиром этой организации стал Билли Хант.",0.9357142857142857,0.7843932822912425,0.9357142857142857,True,v5_bayesian_blind_rescue,unchanged
"В каком году, по мнению турецкого историка Сакаоглу, родилась Безмиалем-султан?","По мнению турецкого историка Сакаоглу, Безмиалем-султан родилась в 1520 году.",0.8571428571428571,0.7242198711939439,0.8571428571428571,True,v5_bayesian_blind_rescue,unchanged
"Какой период времени, согласно современным оценкам, может рассматриваться как длительность Геноцида армян?","Согласно современным оценкам, Геноцид армян начался 24 апреля 1915 года и продолжался до 1923 года.",0.28846153846153844,0.22863689128028505,0.28846153846153844,False,v5_bayesian_blind_rescue,unchanged
"С кем из персонажей «Калевалы» часто сравнивают Тома Бомбадила из «Властелина Колец» из-за того, что у обоих есть невесты, связанные с водой?","Тома Бомбадила часто сравнивают с Вяйнямёйненом из «Калевалы». Оба персонажа имеют жен, связанных с водой: у Тома Бомбадила — Золотая Леди, а у Вяйнямёйнена — дева моря Велламо.",0.95,0.8184071484381127,0.95,True,v5_bayesian_blind_rescue,unchanged
В каком году был основан храм Фуктакчхи в Сингапуре?,Храм Фуктакчхи в Сингапуре был основан в 1824 году.,0.8725490196078431,0.7591552132738228,0.8725490196078431,True,v5_bayesian_blind_rescue,unchanged
Какой роман Фланнери О’Коннор послужил источником вдохновения для песни «Exit» группы U2?,"Роман Фланнери О'Коннор, который послужил источником вдохновения для песни ""Exit"" группы U2, называется ""Мудрые дети"".",0.95,0.801891620707921,0.95,True,v5_bayesian_blind_rescue,unchanged
В каком коттедже в Уэльсе участники группы Led Zeppelin написали песни для альбома Led Zeppelin III?,"Участники группы Led Zeppelin написали песни для своего третьего студийного альбома ""Led Zeppelin III"" в коттедже Bron-Yr-Aur, который находится в графстве Кардиганшир, Уэльс. Этот коттедж был выбран по совету гитариста Джимми Пейджа и стал местом, где группа провела несколько недель, работая над новым материалом.",0.28846153846153844,0.2303579727244199,0.28846153846153844,False,v5_bayesian_blind_rescue,unchanged
В каком созвездии Зевс поместил образ Диоскуров в награду за искреннюю братскую любовь Полидевка?,Зевс поместил образ Диоскуров в созвездие Близнецов как награду за их искреннюю братскую любовь и верность друг другу.,0.28846153846153844,0.2498453864820518,0.28846153846153844,False,v5_bayesian_blind_rescue,unchanged
"Кто сказал, что «забвение или, лучше сказать, историческое заблуждение является одним из главных факторов создания нации»?","Эта фраза принадлежит французскому философу Эрнесту Ренану. Он утверждал, что забвение и исторические заблуждения играют важную роль в формировании национальной идентичности.",0.09375,0.20414105069541633,0.09375,False,v5_bayesian_blind_rescue,unchanged
"Как называется режим в игре «Spirit Camera: The Cursed Memoir», в котором игрок делает фотографию себя или других людей, а затем сражается против призрака с лицом с этой фотографии?","Режим, о котором вы спрашиваете, называется **«Фотография»**. В этом режиме игрок фотографирует себя или других людей, и на основе этих фотографий появляются призраки, которых нужно победить.",0.9357142857142857,0.7706370101927226,0.9357142857142857,True,v5_bayesian_blind_rescue,unchanged
"В каком городе скончался генерал Фредерик Мод, фигурирующий на картине Джона Сингера Сарджента «Генералы Первой мировой войны»?","Генерал Фредерик Мод скончался в городе Лозанна, Швейцария.",0.6461538461538462,0.6532063956806106,0.6461538461538462,True,v5_bayesian_blind_rescue,unchanged
"Кто был назначен лейтенант-губернатором Северо-Западных территорий в 1869 году, что вызвало недовольство местных франкоговорящих метисов?","В 1869 году на должность лейтен-губернатора Северо-Западных территорий был назначен Уильям Маккензи-Кинг. Его назначение вызвало недовольство среди местных франкоговорящих метисов, так как он не говорил по-французски и не проявлял интереса к их культуре и языку. Это привело к напряженности между франкоязычным населением и новым правительством.",0.7142857142857143,0.6988928285329313,0.7142857142857143,True,v5_bayesian_blind_rescue,unchanged
В каком году Беренгария передала свои территории Кастроверде и Саламанка своему старшему сыну Фернандо?,Беренгария Наваррская передала свои территории Кастровере и Саламанку своему старшему сыну Фернандо в 1037 году.,0.8725490196078431,0.7460879037173322,0.8725490196078431,True,v5_bayesian_blind_rescue,unchanged
Какую роль сыграл Дэвид Боуи в биографическом фильме 1996 года «Баския»?,"В биографическом фильме 1996 года «Баския», посвящённом жизни и творчеству художника Жана-Мишеля Баскии, Дэвид Боуи исполнил одну из главных ролей — Энди Уорхола. В этом фильме он сыграл культового американского художника и основателя поп-арта, который был наставником и другом Баскии. Роль Дэвида Боуи была высоко оценена критиками и зрителями, а его актёрское мастерство помогло создать убедительный образ одного из самых влиятельных художников XX века.",0.05,0.14708880159176063,0.05,False,v5_bayesian_blind_rescue,unchanged
"Кто командовал англичанами, занявшими и подожгли Вашингтон в ходе англо-американской войны в августе 1814 года?",В августе 1814 года город Вашингтон был захвачен и сожжен британскими войсками во время Англо-американской войны. Командующим британской армией был генерал-майор Роберт Росс.,0.1111111111111111,0.2184077221121691,0.1111111111111111,False,v5_bayesian_blind_rescue,unchanged
"Кто сыграл главную роль в американском порнофильме «Глубокая глотка», вышедшем в 1972 году?",Главная роль в американском порнофильме «Глубокая глотка» была сыграна Линдой Лавлейс.,0.05,0.1817175349217617,0.05,False,v5_bayesian_blind_rescue,unchanged
"Как переводится на русский язык слово «ками», обозначающее объект поклонения в синтоизме?","Слово «ками» в синтоизме означает объект поклонения или божество. В русском языке это можно перевести как «божество», «дух» или «священное существо».",0.05,0.16629511662260113,0.05,False,v5_bayesian_blind_rescue,unchanged
"Кем была жена Кена, военачальника Александра Македонского, вышедшая за него замуж в конце 335 года до н. э.?","Жена Кена, военачальника Александра Македонского, вышла за него замуж в конце 335 года до н. э. Ее имя было Роксалана.",0.8725490196078431,0.752007573305629,0.8725490196078431,True,v5_bayesian_blind_rescue,unchanged
Кто был назначен комендантом крепости Антверпен 8 сентября на смену генералу Дюфуру?,На смену генералу Дюфуру комендантом крепости Антверпен был назначен генерал-лейтенант де Вимпфен.,0.05,0.19668716297529346,0.05,False,v5_bayesian_blind_rescue,unchanged
"Какой злодей, являющийся дьяволом, заключил сделку с Человеком-пауком в сюжетной арке «Spider-Man: One More Day»?","В сюжетной арке комиксов «Spider-Man: One More Day», которая была опубликована издательством Marvel Comics в 2007 году, главным антагонистом является Мефисто, могущественный демон и один из самых известных злодеев вселенной Marvel. Он известен как Дьявол или Сатана в мире комиксов.

Мефисто предложил Питеру Паркеру (Человеку-пауку) сделку: он заберёт у него память о его браке с Мэри Джейн Уотсон, но взамен спасёт жизнь его тёти Мэй Паркер от смертельной болезни. Питер согласился на эту сделку, что привело к стиранию памяти о его браке с Мэри Джейн из всех воспоминаний людей, включая его самого.

Таким образом, в этой сюжетной арке заключением сделки с Человеком-пауком занимался именно Мефисто, который представлен как дьявольская фигура.",0.05,0.1548767858066257,0.05,False,v5_bayesian_blind_rescue,unchanged
"В каком году в Национальной академии наук США состоялась дискуссия, впоследствии получившая название «Большой спор»?","Дискуссия, известная как «Большой спор», состоялась в 1920 году в Национальной академии наук США.",0.9357142857142857,0.7801118347564698,0.9357142857142857,True,v5_bayesian_blind_rescue,unchanged
"Какие семена обыкновенный поползень запасает впрок, пряча их по отдельности в щелях ствола дерева и маскируя лишайником или кусочком коры?","Обыкновенный поползень (Sitta europaea) — это небольшая птица из семейства поползневых, которая известна своей способностью делать запасы пищи на зиму. Эти птицы часто прячут семена различных растений, чтобы обеспечить себя едой в холодное время года, когда найти пищу становится сложнее.

Семена, которые поползни обычно запасают, включают:

1. **Семена хвойных деревьев**: например, сосны, ели, пихты. Поползни могут прятать шишки и семена этих деревьев, используя свои сильные клювы для раскалывания скорлупы.
2. **Семена лиственных деревьев**: такие как дубы, берёзы, осины. Они также могут запасать орехи и другие семена.
3. **Семена трав и кустарников**: некоторые виды семян, которые встречаются в природе, также могут быть спрятаны поползнями.

Поползни используют различные укрытия для своих запасов, включая щели в стволах деревьев, дупла и другие естественные углубления. Они часто маскируют свои тайники, покрывая их корой, мхом или лишайниками, что помогает защитить запасы от других животных и птиц.

Таким образом, обыкновение поползня запасать семена в",0.28846153846153844,0.5906365303832407,0.28846153846153844,False,v5_bayesian_blind_rescue,unchanged
"Кем был Птолемей, казнённый императором Калигулой около 40 года?","Птолемей был царём Мавритании, который правил с 24 по 40 год нашей эры. Он был сыном Юбы II и Клеопатры Селены II, внучки знаменитой Клеопатры VII. Птолемей был последним независимым правителем Мавритании, так как после его казни Римская империя аннексировала эту территорию.",0.09375,0.1959982931566547,0.09375,False,v5_bayesian_blind_rescue,unchanged
По чьему проекту в 1829 году был построен Спасо-Преображенский собор в Санкт-Петербурге?,Спасо-Преображенский собор в Санкт-Петербурге был построен по проекту архитектора Андрея Ивановича Штакеншнейдера.,0.9357142857142857,0.7697666375564095,0.9357142857142857,True,v5_bayesian_blind_rescue,unchanged
Какова дата выхода демонстрационной версии игры Crysis?,"Демо-версия игры ""Crysis"" была выпущена 13 ноября 2007 года.",0.05,0.17762063007723392,0.05,False,v5_bayesian_blind_rescue,unchanged
Кто в 238 году был избран римским императором вместе с Пупиеном после гибели Гордианов I и II?,"В 238 году, после гибели Гордианов I и II, римский сенат избрал двух новых императоров — Пупиена и Бальбина.",0.09375,0.20862876244596615,0.09375,False,v5_bayesian_blind_rescue,unchanged
Кто принял командование у раненого бригадного генерала Чарльза О’Хары во время сражения при Гилфорд-Кортхауз?,Во время сражения при Гилфорд-Кортхауз раненый бригадный генерал Чарльз О'Хара передал командование полковнику Гарри Ли.,0.9357142857142857,0.7892316801770205,0.9357142857142857,True,v5_bayesian_blind_rescue,unchanged
"Кто, согласно трактату Марка Туллия Цицерона «Брут», был красноречивым оратором эпохи Катона Цензора, хотя Квинт Муций Сцевола Понтифик в трактате «Об ораторе» утверждал, что Тиберий Семпроний Гракх (консул 177 года до н. э.) был совсем не красноречив?","Согласно трактату Марка Туллия Цицерона «Брут», Катон Цензор был красноречивым оратором эпохи.",0.6461538461538462,0.6896543619684464,0.6461538461538462,True,v5_bayesian_blind_rescue,unchanged
Какой балл из 10 присвоил игре NHL 17 обозреватель Гленн Вигмор из IGN?,Обозреватель Гленн Вигмор из IGN поставил игре NHL 17 оценку **8.5 баллов** из 10.,0.8725490196078431,0.7272011882133009,0.8725490196078431,True,v5_bayesian_blind_rescue,unchanged
В какой цвет гяру в большинстве случаев красят волосы?,"Гяру — это субкультура, зародившаяся в Японии и известная своим ярким и эксцентричным стилем. Одним из самых узнаваемых элементов стиля гяру является их прическа, особенно цвет волос. В большинстве случаев гяру красят свои волосы в яркий блонд или платиновый оттенок. Это подчеркивает их образ, который часто ассоциируется с молодостью, энергией и модой.",0.05,0.15048527656266056,0.05,False,v5_bayesian_blind_rescue,unchanged
"Какие простые нитевидные образования, похожие на перья синозавроптерикса, покрывали кожу синокаллиоптерикса?","Синокаллиоптерикс был покрыт простыми нитевидными образованиями, похожими на перья синозавроптерикса.",0.28846153846153844,0.199016757486537,0.28846153846153844,False,v5_bayesian_blind_rescue,unchanged
Кто был матерью судьи Томаса Молтона?,"Судья Томас Молтон не является реальным историческим персонажем, поэтому у него нет матери в реальном мире.",0.6461538461538462,0.6825772610064216,0.6461538461538462,True,v5_bayesian_blind_rescue,unchanged
Какое название Викентий Хвойка дал культуре по селу Триполье Киевского уезда?,Викентий Хвойка назвал культуру по селу Триполье Киевского уезда «Трипольской культурой».,0.28846153846153844,0.19745525462081837,0.28846153846153844,False,v5_bayesian_blind_rescue,unchanged
Какой биолог в XVIII веке с помощью экспериментов с лягушками открыл связь между электричеством и нервной системой?,"В XVIII веке итальянский врач и физиолог Луиджи Гальвани провел серию экспериментов с лягушками, которые привели к открытию связи между электричеством и нервной системой. Его работы заложили основу для изучения электрофизиологии и стимулировали дальнейшие исследования в этой области.",0.05,0.16078711130368353,0.05,False,v5_bayesian_blind_rescue,unchanged
"Кто является единственным хищником, способным представлять опасность для кашалота?","Единственным хищником, который может представлять реальную угрозу для взрослого кашалота, является косатка (Orcinus orca). Косатки — это крупные морские млекопитающие из семейства дельфиновых, которые являются высшими хищниками в океане и охотятся на самых разных морских животных, включая других китов и дельфинов. Взрослые самцы кашалотов могут достигать длины до 20 метров и веса более 40 тонн, что делает их одними из крупнейших существ на планете. Однако даже такие огромные животные могут стать добычей для группы косаток, особенно если они ослаблены или ранены.",0.05,0.1962172108134359,0.05,False,v5_bayesian_blind_rescue,unchanged
В каком году Джон Леннон купил бунгало в Пуле для своей бабушки Мими Смит?,Джон Леннон купил бунгало в Пуле для своей бабушки Мими Смит в 1965 году.,0.9357142857142857,0.7727264735168368,0.9357142857142857,True,v5_bayesian_blind_rescue,unchanged
"Кем по профессии работала мать Артёма Ануфриева, одного из «Академовских маньяков»?","Мать Артёма Ануфриева, одного из участников дела об убийстве в Академгородке, работала врачом-психиатром.",0.8571428571428571,0.7204253037535276,0.8571428571428571,True,v5_bayesian_blind_rescue,unchanged
"Кем, по утверждению Шемси Ахмед-паши в его труде Vikaye Tercümesi, является его предок, от которого он ведёт свою родословную?","По утверждению Шемси Ахмед-паши в его труде ""Vikaye Tercümesi"", его предок, от которого он ведёт свою родословную, является османским султаном Мехмедом II Завоевателем.",0.05,0.1703248464608983,0.05,False,v5_bayesian_blind_rescue,blind_recall_rescue_fp
"Какое стандартное водоизмещение в английских тоннах у эсминца «Юбари», входящего в сравнительную таблицу крейсеров-суперэсминцев 1930-х годов?","Эсминец ""Юбари"" имел стандартное водоизмещение около 2500 тонн.",0.8725490196078431,0.7414272912253131,0.8725490196078431,True,v5_bayesian_blind_rescue,unchanged
"Кем был открыт факт того, что река Деруэнт вытекает из озера Сент-Клэр?","Факт того, что река Деруэнт вытекает из озера Сент-Клэр, был открыт шотландским исследователем и картографом Александром Ходжсоном в 1820-х годах. Он провел исследования и составил карты этого региона, на которых указал источник реки Деруэнт как озеро Сент-Клэр.",0.9357142857142857,0.7731744897108177,0.9357142857142857,True,v5_bayesian_blind_rescue,unchanged
"В какой модификации игры Guilty Gear XX была проведена перебалансировка персонажей, после которой критики стали отмечать относительно равные силы всех героев?",Перебалансировка персонажей в игре Guilty Gear XX была проведена в версии **Guilty Gear XX #Reload**.,0.28846153846153844,0.19994677346328427,0.28846153846153844,False,v5_bayesian_blind_rescue,unchanged
Как чешский писатель Людвик Ашкенази характеризует автора приключений Майка Хаммера Микки Спиллейна в своей рецензии?,"Людвик Ашкенази характеризует Майка Хаммера как «невероятно сильного и жестокого человека», который является воплощением американской мечты. Он также отмечает, что Майк Хаммер — это типичный герой американских боевиков, который всегда побеждает своих врагов и достигает своих целей любой ценой.",0.6461538461538462,0.6628478100092376,0.6461538461538462,True,v5_bayesian_blind_rescue,unchanged
Кто был режиссёром мультфильма «Клуб Винкс: Тайна затерянного королевства»?,Режиссёром мультфильма «Клуб Винкс: Тайна затерянного королевства» является Иджинио Страффи.,0.9357142857142857,0.7904181287812232,0.9357142857142857,True,v5_bayesian_blind_rescue,unchanged
"Какую реку использовал акведук, построенный в Константинополе в царствование Юстиниана, для доставки воды в город?","Акведук, построенный в Константинополе в царствование императора Юстиниана I, использовал реку Марицу для доставки воды в город.",0.6461538461538462,0.6536525406210795,0.6461538461538462,True,v5_bayesian_blind_rescue,unchanged
"В каком десятилетии возникло Мужское движение, постулировавшее, что обратный сексизм является реальной социальной и культурной проблемой?","Мужское движение, которое утверждает, что обратная дискриминация мужчин — это реальная социальная и культурная проблема, возникло в 1970-х годах.",0.28846153846153844,0.24403684929418068,0.28846153846153844,False,v5_bayesian_blind_rescue,unchanged
"В каком году Standard Chartered PLC была образована в результате слияния Chartered Bank of India, Australia and China и Standard Bank of British South Africa?","Standard Chartered PLC была образована в 1969 году в результате слияния Chartered Bank of India, Australia and China и Standard Bank of British South Africa.",0.1111111111111111,0.20084161260607228,0.1111111111111111,False,v5_bayesian_blind_rescue,unchanged
Какая компания выпустила в Южной Корее приставку Sega Mark III под названием «Gam*Boy» в апреле 1989 года?,В апреле 1989 года в Южной Корее была выпущена игровая приставка Sega Mark III под названием «Gam*Boy». Эта приставка была разработана компанией Sega.,0.95,0.7869659123171674,0.95,True,v5_bayesian_blind_rescue,unchanged
Какой документ стал ответом на деградацию государственного аппарата Речи Посполитой в конце XVIII века?,"Ответом на деградацию государственного аппарата Речи Посполитой в конце XVIII века стала Конституция 3 мая 1791 года. Этот документ был принят Сеймом Королевства Польского и Великого княжества Литовского и стал первой современной конституцией в Европе. Она была разработана с целью реформирования государства и укрепления его власти, а также для предотвращения дальнейшего распада и усиления влияния внешних сил.",0.28846153846153844,0.26773711051717314,0.28846153846153844,False,v5_bayesian_blind_rescue,unchanged
"Какую статью завершил Жан-Франсуа Шампольон в марте 1821 года, основываясь на текстах «Книги мёртвых»?","В марте 1821 года Жан-Франсуа Шампольон завершил свою первую научную работу — статью под названием «О египетском языке», основанную на изучении текстов «Книги мёртвых». В этой статье он впервые смог расшифровать иероглифы, что стало прорывом в египтологии и позволило понять древнеегипетскую письменность.",0.43902439024390244,0.6425960372543497,0.43902439024390244,False,v5_bayesian_blind_rescue,unchanged
Какая студия портировала игру Half-Life на PlayStation 2 в 2001 году?,"Студия Valve Software разработала и выпустила оригинальную версию игры Half-Life для ПК. Однако, когда речь идет о портировании этой игры на консоль PlayStation 2, то здесь стоит отметить, что Valve не занималась этим процессом напрямую. Вместо этого они передали разработку порта другой компании.

Портированием игры Half-Life на платформу PlayStation 2 занималась компания Gearbox Software. Они взяли за основу исходный код игры от Valve и адаптировали его для работы на новой платформе. Это было важным шагом, так как оно позволило игрокам, которые предпочитали играть на консолях, также насладиться этой культовой игрой.

Таким образом, можно сделать вывод, что компания Gearbox Software была ответственна за перенос Half-Life на PlayStation 2.",0.8571428571428571,0.7114588260529806,0.8571428571428571,True,v5_bayesian_blind_rescue,unchanged
В каком году был выпущен дебютный студийный альбом американской рок-группы The Strokes «Is This It»?,Дебютный студийный альбом американской рок-группы The Strokes под названием «Is This It» был выпущен в 2001 году.,0.09375,0.19505658622139377,0.09375,False,v5_bayesian_blind_rescue,unchanged
Сколько режимов игры существует в Hearthstone?,"В игре Hearthstone существует несколько режимов игры, включая:

1. **Стандартный режим** — основной режим игры, где игроки собирают колоды из карт и сражаются друг с другом.
2. **Классический режим** — более старый режим игры, который был заменен на стандартный, но все еще доступен для игроков.
3. **Режим приключений** — специальные наборы карт, которые можно разблокировать путем прохождения определенных квестов или покупки наборов карт.
4. **Режим испытаний** — режим, где игроки могут соревноваться друг с другом за награды и улучшения.
5. **Режим казуальной игры** — менее формальный режим, где игроки могут играть без необходимости собирать сильные колоды или следовать строгих правил.
6. **Режим профессионального турнира** — официальный турнирный режим, где игроки соревнуются за призы и звания.
7. **Режим тренировочной комнаты** — режим, где игроки могут тренироваться и улучшать свои навыки игры без риска проигрыша.
8. **Режим кооперативной игры** — режим, где игроки могут объединяться в команды и вместе проходить различные испытания.
9. **Режим одиночной кампании** — режим, где игрок может пройти через серию миссий и заданий, чтобы получить новые карты и улучшения",0.38461538461538464,0.6288373104987918,0.38461538461538464,False,v5_bayesian_blind_rescue,gpt120b_arbitration
Кто приказал казнить евнуха Потина за попытку отравления и организацию военного мятежа против него в ходе войны в Египте?,Евнух Потин был казнен по приказу Александра Македонского.,0.95,0.8117832174482157,0.95,True,v5_bayesian_blind_rescue,unchanged
"Кто, согласно биографии, написанной Винченцо Вивиани, сбрасывал одновременно тела разной массы с вершины Пизанской башни?","Согласно биографии, написанной Винченцо Вивиани, Галилео Галилей сбрасывал одновременно тела разной массы с вершины Пизанской башни.",0.28846153846153844,0.22421075530826537,0.28846153846153844,False,v5_bayesian_blind_rescue,unchanged
"В какой стране при прокате фильма «Бесславные ублюдки» логотип был изменён, свастики на плакатах убраны или заменены на дырки от пуль, а сама версия фильма стала длиннее других на 50 секунд?","Фильм «Бесславные ублюдки» был выпущен в Германии с некоторыми изменениями для соответствия местным законам и культурным особенностям. В этой версии были удалены некоторые сцены насилия, а также изменены или удалены изображения свастик на плакатах. Кроме того, эта версия фильма была немного длиннее остальных из-за добавления дополнительных сцен.",0.09375,0.1778515863834422,0.09375,False,v5_bayesian_blind_rescue,unchanged
В каком году на выставке Electronic Entertainment Expo было официально анонсировано дополнение The Frozen Wilds к игре Horizon Zero Dawn?,Дополнение The Frozen Wilds к игре Horizon Zero Dawn было официально анонсировано на выставке Electronic Entertainment Expo в 2019 году.,0.28846153846153844,0.20696847111807273,0.28846153846153844,False,v5_bayesian_blind_rescue,unchanged
"Сколько минут в среднем птицы остаются в плохо освещённых колониях дольше, чем в хорошо освещённых?","Для ответа на этот вопрос необходимо проанализировать данные о времени пребывания птиц в различных условиях освещения. Обычно такие исследования проводятся с использованием меток или других методов отслеживания поведения птиц. 

Предположим, что у нас есть следующие данные:

1. В плохо освещённых колониях птицы проводят в среднем $T_{плох}$ минут.
2. В хорошо освещённых колониях птицы проводят в среднем $T_{хорош}$ минут.

Чтобы найти, насколько дольше птицы остаются в плохо освещённых колониях по сравнению с хорошо освещёнными, нужно вычислить разность между этими двумя значениями:

$$ \Delta T = T_{\text{плох}} - T_{\text{хорош}} $$

Если известно, что $T_{\text{плох}} = 30$ минут и $T_{\text{хорош}} = 20$ минут, то:

$$ \Delta T = 30 - 20 = 10 \text{ минут} $$",0.8571428571428571,0.7049651063576782,0.8571428571428571,True,v5_bayesian_blind_rescue,unchanged
"Кем из современных приверженцев мальтузианства больше акцентируется внимание на ухудшении состояния окружающей среды и катастрофическом голоде, чем на бедности?","Современные сторонники мальтузианства, которые делают акцент на ухудшении состояния окружающей среды и катастрофическом голоде, а не на бедности, включают в себя таких ученых и активистов, как Пол Эрлих, Джеймс Лавлок и другие экологи и биологи. Они утверждают, что перенаселение планеты ведет к истощению ресурсов, загрязнению окружающей среды и голоду, и призывают к мерам по ограничению роста населения и сохранению природных ресурсов.",0.8571428571428571,0.7072046745313089,0.8571428571428571,True,v5_bayesian_blind_rescue,unchanged
"Какой журнал сообщил о первоначальной силе землетрясения в Амбато 1949 года в 7,5 баллов по шкале Рихтера?","Первоначальная сила землетрясения в Амбато 1949 года была сообщена в журнале ""Geophysical Research Letters"" в статье ""Earthquake magnitude determination"".",0.8571428571428571,0.7028220870039138,0.8571428571428571,True,v5_bayesian_blind_rescue,unchanged
В каком году Марк Нопфлер официально объявил о роспуске группы Dire Straits?,Марк Нопфлер официально объявил о роспуске группы Dire Straits в 1995 году.,0.05263157894736842,0.18531915916875155,0.05263157894736842,False,v5_bayesian_blind_rescue,unchanged
"В каком году был заключён Никиев мир, в котором Плистоанакт сыграл важную роль?","Никиев мир был заключён в 421 году до н. э., во время Пелопоннесской войны между Афинами и Спартой.",0.1111111111111111,0.2044223875106581,0.1111111111111111,False,v5_bayesian_blind_rescue,unchanged
В каком году в Риме от рук диких животных погиб святой Игнатий Богоносец?,"Святой Игнатий Богоносец был епископом Антиохии и одним из первых учеников апостола Петра. Он известен своими письмами, которые он написал по пути на мученическую смерть в Рим. Согласно преданию, Игнатий был доставлен в Рим для казни, где его бросили диким зверям в Колизее. Это произошло примерно в 107 году нашей эры.",0.09375,0.19231576051874674,0.09375,False,v5_bayesian_blind_rescue,unchanged
В каком году в Государственном мемориальном музее обороны и блокады Ленинграда была проведена выставка «Нева-2»?,Выставка «Нева-2» в Государственном мемориальном музее обороны и блокады Ленинграда прошла в 1975 году.,0.8725490196078431,0.7576673183918509,0.8725490196078431,True,v5_bayesian_blind_rescue,unchanged
Почему вождь Воронья Стопа отказался проводить переговоры о Договоре № 7 в форте Маклауд в августе 1877 года?,"Вождь Воронья Стопа отказался проводить переговоры о Договоре № 7 в форте Маклауд в августе 1877 года по нескольким причинам:

1. **Политическая нестабильность**: В то время как индейцы были готовы к переговорам, они опасались, что их представители могут быть арестed или убитted. Это было связано с тем, что некоторые из них уже были заключены в тюрьму за участие в других конфликтах.

2. **Отсутствие доверия**: Индейцы не доверяли правительству США и боялись, что любые соглашения будут нарушены после того, как они покинут форт Маклауд. Они считали, что правительство не сдержит своих обещаний.

3. **Экономические интересы**: Некоторые племена имели экономические interests в том, чтобы продолжать использовать свои lands для hunting и gathering, а также для торговли с европейцами. Они хотели сохранить эти rights и не хотели соглашаться на условия, которые могли бы ограничить их доступ к этим ресурсам.

4. **Культурные различия**: Индейцы имели свою собственную культуру и традиции, которые отличались от тех, которых ожидало правительство США. Они чувствовали, что их образ жизни будет под угрозой если они согласятся на условия договора.

",0.8571428571428571,0.7149905170956213,0.8571428571428571,True,v5_bayesian_blind_rescue,unchanged
В каком году фамилия В. А. Тимирязева впервые появилась в гонорарных ведомостях журнала «Отечественные записки»?,Фамилия В. А. Тимирязева впервые появилась в гонорарных ведомостях журнала «Отечественные записки» в 1846 году.,0.28846153846153844,0.2158054306750744,0.28846153846153844,False,v5_bayesian_blind_rescue,unchanged
"Кто в ходе Давосских дебатов 1929 года между Эрнстом Кассирером и Мартином Хайдеггером утверждал, что его концепция Dasein несовместима с философией Кассирера и непереводима на её терминологию?","В ходе Давосских дебатов 1929 года Мартин Хайдеггер утверждал, что его концепция Dasein несовместима с философией Эрнста Кассирера и непереводима на её терминологию.",0.05,0.18888365972051577,0.05,False,v5_bayesian_blind_rescue,unchanged
"На что Иван Алексеевич Новиков направил гонорар в размере 100 000 рублей, полученный за пушкинские вечера на Урале?","Иван Алексеевич Новиков, известный уральский писатель и общественный деятель, получил гонорар в размере 100 000 рублей за организацию и проведение пушкинских вечеров на Урале. Этот гонорар он решил направить на благотворительные цели, а именно на помощь нуждающимся семьям. Таким образом, Новиков использовал свои средства для поддержки тех, кто нуждался в помощи, проявляя заботу о благополучии других людей.",0.8571428571428571,0.734426752535437,0.8571428571428571,True,v5_bayesian_blind_rescue,unchanged
С кем из двоюродных сестёр Елизавета Гессен-Дармштадтская (1895—1903) отправлялась на долгие прогулки и пикники в лесу в охотничьем домике в Скерневице?,Елизавета Гессен-Дармштадтская (1895—1903) часто отправлялась на долгие прогулки и пикники в лесу вместе со своей двоюродной сестрой Ириной Михайловной Романовой (1895—1970).,0.8725490196078431,0.7596427476597604,0.8725490196078431,True,v5_bayesian_blind_rescue,unchanged
Кем был возглавляемый родосец отряд критян в армии Антиоха?,Отряд критян под руководством Родосца входил в армию Антиоха III Великого и состоял из 10 тысяч человек.,0.8725490196078431,0.7485742944207986,0.8725490196078431,True,v5_bayesian_blind_rescue,unchanged
Какая ошибка в оценке момента прохождения через перигелий для самого раннего появления кометы Галлея была допущена Кауэллом и Кроммелином?,"Ошибка в оценке момента прохождения через перигелий для самого раннего появления кометы Галлея была допущена Эдмундом Кауэллом и Джорджем Кроммелином. Они ошибочно предположили, что комета Галлея появится на небе раньше, чем это было подтверждено наблюдениями.",0.7142857142857143,0.6494676553282838,0.7142857142857143,True,v5_bayesian_blind_rescue,unchanged
В каком году группа Roxy Music была включена в Зал славы рок-н-ролла?,Группа Roxy Music была включена в Зал славы рок-н-ролла в 2019 году.,0.9357142857142857,0.7717689177388435,0.9357142857142857,True,v5_bayesian_blind_rescue,unchanged
Какую роль сыграла Урсула Андресс в фильме «Доктор Ноу» (1962)?,"Урсула Андресс сыграла роль Хани Райдер в первом фильме о Джеймсе Бонде — «Доктор Ноу». Она стала первой женщиной, появившейся на экране в роли девушки Бонда, и её появление стало одним из самых запоминающихся моментов фильма. Её образ стал культовым и оказал большое влияние на культуру поп-культуры того времени.",0.8490566037735849,0.7137462416915662,0.8490566037735849,True,v5_bayesian_blind_rescue,unchanged
Где в марте 1991 года открылась вторая выставка работ художника Франко Маньяни в Италии?,Вторая выставка работы итальянского художника Франко Маньяни в Италии состоялась в марте 1991 года в галерее «Galleria d'Arte Moderna» в городе Милан.,0.8725490196078431,0.7617312051770061,0.8725490196078431,True,v5_bayesian_blind_rescue,unchanged
Сколько раз хоккейный клуб «Оттава Сенаторз» выигрывал Кубок Стэнли в период с 1903 по 1927 год?,Хоккейный клуб «Оттава Сенаторз» выиграл Кубок Стэнли три раза в период с 1903 по 1927 год.,0.8571428571428571,0.7283729080564295,0.8571428571428571,True,v5_bayesian_blind_rescue,unchanged
В каком году Google представила тематический «дудл» в честь 30-летия игры Pac-Man?,Google представила тематический дудл в честь 30-летия игры Pac-Man в 2010 году.,0.05,0.16316184109289486,0.05,False,v5_bayesian_blind_rescue,unchanged
К какой портативной консоли была разработана видеоигра Sonic Advance?,Видеоигру **Sonic Advance** разработала компания **Sega** для портативной игровой системы **Game Boy Advance**.,0.28846153846153844,0.19191323199933388,0.28846153846153844,False,v5_bayesian_blind_rescue,unchanged
От чьей фамилии происходит название геометрической фигуры «треугольник Рёло»?,"Название геометрической фигуры «треугольник Рёло» происходит от фамилии немецкого инженера Франца Рёло (Franz Reuleaux). Он жил в XIX веке и внес значительный вклад в разработку различных механизмов, включая те, которые используют треугольники Рёло для обеспечения равномерного вращения.",0.05,0.16019594282795183,0.05,False,v5_bayesian_blind_rescue,unchanged
Кто организовал провинцию Месопотамия в 198 году?,В 198 году провинции Месопотамии были организованы римским императором Септимием Севером.,0.05,0.19400681975489684,0.05,False,v5_bayesian_blind_rescue,unchanged
"Кто был отцом Генри Стаффорда, 2-го герцога Бекингема?","Отец Генри Стаффорда, 2-го герцога Бекингема, был Ричардом Стаффордом, 1-м герцогом Бекингемом.",0.9357142857142857,0.8004566436941474,0.9357142857142857,True,v5_bayesian_blind_rescue,unchanged
"В каком году вступил в силу «Свод законов Российской империи», опубликованный при Николае I и ставший основой для последующего законодательства?",«Свод законов Российской империи» был опубликован в 1832 году при императоре Николае I. Однако он вступил в силу только с 1 января 1835 года.,0.8547011241426341,0.7002663799610452,0.8547011241426341,True,v5_bayesian_blind_rescue,unchanged
"В каком году на доме в Санкт-Петербурге по адресу улица Кирочная, 23, в котором жил Владимир Андреевич Оппель, была установлена мраморная мемориальная доска?",Мемориальная доска Владимиру Андреевичу Оппелю была установлена на доме № 23 по улице Кирочной в Санкт-Петербурге в 1974 году.,0.8571428571428571,0.7208597997014916,0.8571428571428571,True,v5_bayesian_blind_rescue,unchanged
Сколько томов было в библиотеке д’Эсте в Ферраре согласно первому сохранившемуся инвентарю 1436 года?,"Согласно первому сохранившемуся инвентарю библиотеки д’Эсте в Ферраре от 1436 года, в ней было **250 томов**.",0.8571428571428571,0.7095402769768402,0.8571428571428571,True,v5_bayesian_blind_rescue,unchanged
В какое время по московскому времени 2 января 2012 года на Первом канале в России состоялась трансляция эпизода «Скандал в Белгравии» телесериала «Шерлок»?,Эпизод «Скандал в Белгравии» телесериала «Шерлок» был показан на Первом канале в России 2 января 2012 года в 23:55 по московскому времени.,0.9357142857142857,0.7520103858862909,0.9357142857142857,True,v5_bayesian_blind_rescue,unchanged
"Кто в 1908 году стал одним из учредителей пароходного товарищества на вере «Русь» вместе с Дмитрием Сироткиным, Иосифом Старцевым и Тимофеем Канавиным?","В 1908 году одним из учредителей пароходного товарищества на вере «Русь», наряду с Дмитрием Сироткиным, Иосифом Старцевым и Тимофеем Канавиным, был Александр Дмитриевич Протопопов.",0.8725490196078431,0.7662535108297527,0.8725490196078431,True,v5_bayesian_blind_rescue,unchanged
Кто стал победителем финала Чемпионата мира по футболу 2012 среди девушек до 17 лет?,Победителем финала Чемпионата мира по футболу среди девушек до 17 лет в 2012 году стала сборная Германии.,0.8571428571428571,0.7486688240319462,0.8571428571428571,True,v5_bayesian_blind_rescue,unchanged
В каком году вышла книга И. В. Макарова «Очерки истории Реформации в Финляндии»?,Книга Ивана Васильевича Макарова «Очерки истории Реформации в Финляндии» была издана в 1903 году.,0.28846153846153844,0.243748225293841,0.28846153846153844,False,v5_bayesian_blind_rescue,unchanged
В каком году вступил в состав флота первый американский броненосный крейсер «Мэн»?,Первый американский броненосный крейсер «Мэн» вступил в состав флота США в 1895 году.,0.38461538461538464,0.6334984889595792,0.38461538461538464,False,v5_bayesian_blind_rescue,evidence_year_delta_boost_fn
"В каком фильме песня «Дорога» группы «АукцЫон» была использована в саундтреке, что сделало её широко известной?",Песня «Дорога» группы «АукцЫон» стала широко известна благодаря использованию её в саундтреке к фильму «Брат 2».,0.05,0.1625537928988413,0.05,False,v5_bayesian_blind_rescue,blind_recall_rescue_fp
"Сколько евреев, живших в Эстонии до войны, погибли в республике в период Холокоста?",В период Холокоста на территории Эстонии погибло около 950 евреев.,0.8571428571428571,0.7275701281934571,0.8571428571428571,True,v5_bayesian_blind_rescue,unchanged
В каком году в Японии была показана серия аниме «Покемон» под названием «Электронный воин Поригон»?,Аниме-сериал «Покемон» впервые был показан в Японии 1 апреля 1997 года. Серия под названием «Электронный воин Поригон» (яп. ポケモン電脳戦士ポリゴン Покэмон дэнно сэнси Поригон) является первой серией первого сезона и вышла именно в этом году.,0.8571428571428571,0.7299891971063429,0.8571428571428571,True,v5_bayesian_blind_rescue,unchanged
"От какого женского имени образовано слово «параша», обозначающее помойное ведро или ёмкость для нечистот в тюремной камере?",Слово «параша» происходит от женского имени Параскева.,0.05,0.1776074256325698,0.05,False,v5_bayesian_blind_rescue,unchanged
Какое прозвище получил император Антонин за усилия по обожествлению своего предшественника Адриана?,Император Антонин Пий получил прозвище «Пий» («Благочестивый») за свои усилия по обожествлению своего предшественника Адриана.,0.28846153846153844,0.19965527918834905,0.28846153846153844,False,v5_bayesian_blind_rescue,unchanged
Какой год указан в заголовке книги Б. Ф. Инфантьева «Русский язык в национальной школе Латвии: исторический очерк»?,В заглавии книги Б. Ф. Инфантьева «Русский язык в национальной школе Латвии: исторический очерк» не указан конкретный год издания.,0.3638555683241218,0.6028070816462933,0.3638555683241218,False,v5_bayesian_blind_rescue,unchanged
"Какой степени бакалавра в области психологии добилась Натали Портман, окончив Гарвард в июне 2003 года?","Натали Портман получила степень бакалавра в области психологии, окончив Гарвардский университет в июне 2003 года.",0.05263157894736842,0.1686082215250564,0.05263157894736842,False,v5_bayesian_blind_rescue,unchanged
"Кто использовал автомобиль, раскрашенный в бело-зеленые цвета сибирского флага, в период существования Сибирской республики?","Автомобиль, раскрашенный в бело-зеленые цвета сибирского флага, использовался в период существования Сибирской республики в качестве символа и средства передвижения для представителей сибирских властей и лидеров движения за независимость Сибири.",0.43902439024390244,0.6626909664196299,0.43902439024390244,False,v5_bayesian_blind_rescue,unchanged
"Какое слово, означающее «хлеб» во фригийском языке, было первым произнесено младенцами в «лингвистическом эксперименте» фараона Псамметиха I?","В «лингвистическом эксперименте» фараона Псамметиха I, который был описан Геродотом, младенцы произнесли слово «bekos», что означает «хлеб» на фригийском языке.",0.28846153846153844,0.1925403955359234,0.28846153846153844,False,v5_bayesian_blind_rescue,unchanged
Кто из лордов-апеллянтов удалился в свои имения после 1392 года?,"После 1392 года в свои владения удалились следующие лорды-апеллянты:

1. Ричард II — он был свергнут с престола и умер в заключении в 1400 году.
2. Генри Болингброк — он стал королём Генрихом IV и правил до своей смерти в 1413 году.
3. Томас Моубрей — он был одним из главных участников восстания против Ричарда II и позже участвовал в восстании против Генриха IV. Он был казнён в 1400 году.
4. Эдмунд Мортимер — он также был участником восстания против Ричарда II и позже против Генриха IV. Он умер в 1425 году.

Эти лорды были ключевыми фигурами в политической борьбе за власть в Англии в конце XIV и начале XV веков.",0.28846153846153844,0.6210754100237029,0.28846153846153844,False,v5_bayesian_blind_rescue,unchanged
"Кто, согласно Диодору Сицилийскому, отобрал у Кратесиполиды Сикион и Коринф во время отсутствия Полиперхона?","Согласно Диодору Сицилийскому, Антигон Одноглазый отобрал у Кратесиполиды Сикион и Коринф во время отсутствия Полиперхона.",0.9357142857142857,0.8034049649031157,0.9357142857142857,True,v5_bayesian_blind_rescue,unchanged
В каком журнале впервые был опубликован рассказ Говарда Филлипса Лавкрафта «Цвет из иных миров»?,Рассказ Говарда Филлипса Лавкрафта «Цвет из иных миров» («The Colour Out of Space») впервые был опубликован в журнале Weird Tales в 1927 году.,0.28846153846153844,0.2411348009749452,0.28846153846153844,False,v5_bayesian_blind_rescue,unchanged
В каком году вышел первый самостоятельный сборник стихов Лены Шагирзян под названием «Мөлдерәмә күңел»?,Первый самостоятельный сборник стихов Лены Шагирзян под названием «Мөлдерәмә күңел» был опубликован в 2015 году.,0.9357142857142857,0.7759257069187683,0.9357142857142857,True,v5_bayesian_blind_rescue,unchanged
Кто возглавил церемонию открытия Соловецкого камня в Москве в 1990 году?,Церемонию открытия Соловецкого камня в Москве в 1990 году возглавил Борис Николаевич Ельцин — первый Президент Российской Федерации.,0.8725490196078431,0.7737968403862033,0.8725490196078431,True,v5_bayesian_blind_rescue,unchanged
Сколько членов в Законодательном собрании Нунавута?,В Законодательном собрании Нунавута 19 членов.,0.9357142857142857,0.770363451568474,0.9357142857142857,True,v5_bayesian_blind_rescue,unchanged
Какой народ использовал сходство фламинго с фениксом для торговли их кожами?,"Для ответа на этот вопрос необходимо рассмотреть исторический контекст и культурные особенности народов, которые могли бы использовать символику феникса в своих торговых практиках. Феникс — мифическая птица, символизирующая возрождение и бессмертие, часто ассоциируется с восточными культурами, такими как китайская и японская. Однако, учитывая географическое положение и торговые пути, можно предположить, что речь идет о народах, проживающих в регионах, где пересекались различные культуры и торговые маршруты.

Одним из таких народов могут быть монголы или другие кочевые племена Центральной Азии, которые активно участвовали в торговле по Великому шелковому пути. Они были известны своими торговыми связями с различными регионами, включая Китай, Индию и Ближний Восток. В их культуре также присутствовали элементы мифологии и символизма, которые могли включать образы птиц, подобных фениксу.

Таким образом, можно предположить, что именно монголы использовали сходство фламинго с фениксом для торговли их кожами, так как они имели широкие торговые связи и могли интегрировать такие символы в свои торговые практики.",0.6461538461538462,0.6417583138612163,0.6461538461538462,True,v5_bayesian_blind_rescue,unchanged
Кто опубликовал полную библиографию работ Карла Шварцшильда в 1917 году?,Полная библиография работ Карла Шварцшильда была опубликована в 1917 году немецким астрономом и физиком Максом Вольфом.,0.9357142857142857,0.8017987473639835,0.9357142857142857,True,v5_bayesian_blind_rescue,unchanged
Кто возглавлял оборону Иотапаты во время осады Веспасианом в 67 году?,"Во время осады Иотапаты римским полководцем Веспасианом в 67 году нашей эры обороной города руководил Иосиф бен Матитьяху, известный также как Иосиф Флавий. Он был еврейским священником и историком, который впоследствии стал известен благодаря своим трудам о еврейской истории и восстании против Рима.",0.8571428571428571,0.7371634101115211,0.8571428571428571,True,v5_bayesian_blind_rescue,unchanged
"Какой фильм, снятый во второй половине 1960-х годов, стал для Владимира Высоцкого ролями танкиста?","Фильм, в котором Владимир Высоцкий сыграл роль танкиста, называется «Я — сын партии».",0.9357142857142857,0.7636310827695509,0.9357142857142857,True,v5_bayesian_blind_rescue,unchanged
Сколько uORF содержится в 5'-нетранслируемой области мРНК гена YAP2 дрожжей S. cerevisiae?,В 5'-нетранслируемой области (5'-UTR) мРНК гена YAP2 у дрожжей Saccharomyces cerevisiae содержится один uORF (untranslated open reading frame).,0.9357142857142857,0.7852402717141028,0.9357142857142857,True,v5_bayesian_blind_rescue,unchanged
Какая частота вспышек новых звёзд в галактике M 32 оценивается астрономами?,"## Частота вспышек новых звёзд в галактике M 32

### Общая информация о галактике M 32

Галактика **M 32** — это карликовая эллиптическая галактика, расположенная рядом с нашей Галактикой Млечный Путь. Она является спутником галактики Андромеды и известна своей компактной структурой и высокой плотностью звездного населения. 

### Оценка частоты вспышек новых звёзд

Астрономы оценивают частоту вспышек новых звёзд в галактике M 32 на уровне примерно **одна новая звезда каждые несколько тысяч лет**. Это значительно ниже, чем в более активных спиральных галактиках, таких как наша собственная или галактика Андромеды, где новые звезды могут появляться чаще из-за наличия большого количества межзвездного газа и пыли, которые способствуют формированию новых звёзд.

### Причины низкой частоты вспышек новых звёзд в M 32

1. **Низкая плотность звёзд**: В отличие от спиральных галактик, где звёзды распределены неравномерно и часто взаимодействуют друг с другом, в M 32 звёзды расположены гораздо плотнее, что снижает вероятность столкновений и формирования новых звёзд.
   
2. **Отсутствие межзвёздного газа и пыли**:",0.8571428571428571,0.6909040178603855,0.8571428571428571,True,v5_bayesian_blind_rescue,unchanged
"Кто, согласно античной традиции, был первым изобретателем осадных орудий, использовавшихся афинянами во время Самосской войны?","Согласно античной традиции, первым изобретателем осадных орудий, использовавшихся афинянами во время Самосской войны, был Архимед.",0.8725490196078431,0.769181063617875,0.8725490196078431,True,v5_bayesian_blind_rescue,unchanged
Когда производство модели Atari 1200XL было прекращено?,Производство модели Atari 1200XL было прекращено в 1983 году.,0.9357142857142857,0.7872322367142349,0.9357142857142857,True,v5_bayesian_blind_rescue,unchanged
В каком году был опубликован основополагающий теологический текст шейкеризма «Общий обзор церкви тысячелетия»?,Основополагающий теологический текст шейкеризма «Общий обзор церкви тысячелетия» («An Abstract of the Church of the True Holy Trinity») был опубликован в 1782 году.,0.7142857142857143,0.6739438225972242,0.7142857142857143,True,v5_bayesian_blind_rescue,unchanged
Какой фермент дефицитен при болезни Тея — Сакса?,"Болезнь Тея-Сакса — это наследственное заболевание, которое связано с дефицитом фермента гексоаминидазы А (также известного как гексоаминогидролаза). Этот фермент играет важную роль в метаболизме липидов и необходим для расщепления определенного типа жирового вещества, называемого ганглиозидом GM2. При отсутствии или недостатке этого фермента происходит накопление ганглиозида GM2 в нервных клетках мозга, что приводит к их повреждению и развитию симптомов заболевания.",0.09375,0.1738294820253841,0.09375,False,v5_bayesian_blind_rescue,unchanged
В честь кого Карл Линней дал видовое название растению Кортуза Маттиоли?,Карл Линней дал видовое название растению Кортуза Маттиоли в честь итальянского ботаника и врача Пьетро Андреа Маттиоли (1682–1739).,0.8490566037735849,0.695443899256658,0.8490566037735849,True,v5_bayesian_blind_rescue,unchanged
"Какова длина интрона, разделяющего группу из пяти сегментов Jκ и экзон Cκ в генах лёгких цепей типа κ?",Длина интрона между группой из пяти сегментов Jκ и экзоном Cκ в генах легких цепей типа κ составляет примерно 100 нуклеотидов.,0.8571428571428571,0.730053931905173,0.8571428571428571,True,v5_bayesian_blind_rescue,unchanged
Кем в 1912 году была запрещена в России книга «На горах Кавказа»?,В 1912 году книга «На горах Кавказа» была запрещена в России решением Синода Русской православной церкви.,0.7142857142857143,0.6718193932686779,0.7142857142857143,True,v5_bayesian_blind_rescue,unchanged
"Кто, по мнению научного сотрудника Эрмитажа Дмитрия Гусева, является автором картины «Портрет юродивой Ксении Петровой»?","Дмитрий Гусев, научный сотрудник Государственного Эрмитажа, считает, что автором картины «Портрет юродивой Ксении Петровой» является художник Алексей Саврасов.",0.95,0.813858586448352,0.95,True,v5_bayesian_blind_rescue,unchanged
Кому в 1987 году Кирилл Кузьмин направил 20-страничное письмо «О мерах по строительству гидроэлектростанций в СССР»?,В 1987 году Кирилл Кузьмин направил 20-страничное письмо «О мерах по строительству гидроэлектростанций в СССР» Генеральному секретарю ЦК КПСС Михаилу Сергеевичу Горбачёву.,0.05,0.1698989647691961,0.05,False,v5_bayesian_blind_rescue,unchanged
Кто взорвал пороховой склад в битве на горе Чегар 31 мая?,"В битве на горе Чегар 31 мая 1879 года произошёл взрыв порохового склада, который привёл к значительным потерям среди британских войск. Взрыв был вызван случайным возгоранием пороха, что привело к катастрофическим последствиям для британской армии.",0.6461538461538462,0.6827608210546511,0.6461538461538462,True,v5_bayesian_blind_rescue,unchanged
"В какой год вышла книга Томаса Мура и Джона Линдли «Папоротники Великобритании и Ирландии», иллюстрации из которой приведены в описании семейства Ужовниковые?",Книга Томаса Мура и Джона Линдли «Папоротники Великобритании и Ирландии» была опубликована в 1856 году.,0.28846153846153844,0.2296684536466056,0.28846153846153844,False,v5_bayesian_blind_rescue,unchanged
"Кто исполнил песню «A Cruel Angel's Thesis», использованную во вступительной музыкальной теме эпизода «Seele, трон для души»?",Песню «A Cruel Angel's Thesis» исполнила группа Yoko Takahashi.,0.95,0.8193301125473876,0.95,True,v5_bayesian_blind_rescue,unchanged
Какую оценку патриарх Фотий дал в своей «Библиотеке» произведению «Христианская топография» Козьмы Индикоплова?,"В своём труде «Библиотека» патриарх Фотий дал негативную оценку произведению «Христианская топография», написанному византийским купцом и путешественником Козьмой Индикоплевом. Фотий охарактеризовал это произведение как «глупое и невежественное». Он отметил, что автор книги был невеждой в вопросах географии и астрономии, а также проявил полное незнание Священного Писания. По мнению Фотия, книга была написана человеком, который не имел никакого представления о том, что он пишет, и поэтому её содержание было лишено всякой ценности.",0.43902439024390244,0.6450396361734944,0.43902439024390244,False,v5_bayesian_blind_rescue,unchanged
Какое главное отличие Смауга из «Хоббита» от Глаурунга заключается в степени его свободы действий?,"Главное отличие между Смаугом и Глаурунгом заключается в том, что Смауг обладает большей степенью свободы действий по сравнению с Глаурунгом.",0.09375,0.17162273051793753,0.09375,False,v5_bayesian_blind_rescue,blind_recall_rescue_fp
Кто стал организатором пятого турнира «Король Железного Кулака» в игре Tekken 5?,Организатором пятого турнира «Король Железного Кулака» в игре Tekken 5 является Мисима Дзюн.,0.9357142857142857,0.7987034404781858,0.9357142857142857,True,v5_bayesian_blind_rescue,unchanged
Кто заменил Мэтта Смита в роли Доктора в сериале «Доктор Кто»?,"Мэтт Смит стал 11-м по счету актёром, исполнявшим роль Доктора в британском научно-фантастическом телесериале «Доктор Кто». Он занял эту должность после Дэвида Теннанта и до Питера Капальди.",0.8571428571428571,0.7299209139601409,0.8571428571428571,True,v5_bayesian_blind_rescue,unchanged
Какой головной убор стал основным в подразделениях британских коммандос на Ближнем Востоке?,"В 1940 году британские коммандос носили кепи с эмблемой «Котелок» и чёрным козырьком. Однако после того, как в 1942 году подразделения коммандос были выведены из состава Королевской морской пехоты, они получили право носить головные уборы, которые использовали другие части британской армии. В результате для подразделений коммандос был введён новый тип головного убора — берет. Береты стали основным головным убором британских коммандос на Ближнем Востоке.",0.9357142857142857,0.7646602003921109,0.9357142857142857,True,v5_bayesian_blind_rescue,unchanged
Кто командовал силами бригады «Гивати» при атаке на деревню Хулейкат в ночь с 19 на 20 октября в ходе операции «Йоав»?,Командующим бригадой «Гивати» во время атаки на деревню Хулейкат в ночь с 19 на 20 октября в рамках операции «Йоав» был полковник Илан Мандельблат.,0.9357142857142857,0.7941692388014955,0.9357142857142857,True,v5_bayesian_blind_rescue,unchanged
"Какой богине Дионисий, царь Гераклеи, воздвиг статую в честь смерти Александра?",Дионисий воздвиг статую в честь смерти Александра Македонского богине Афродите.,0.9357142857142857,0.7653014405516098,0.9357142857142857,True,v5_bayesian_blind_rescue,unchanged
Кого король Виктор Эммануил III назначил премьер-министром Италии после отказа подписать акт об объявлении чрезвычайного положения в октябре 1922 года?,"После того как король Виктор Эммануил III отказался подписать указ о введении чрезвычайного положения в октябре 1922 года, он назначил Бенито Муссолини на пост премьер-министра Италии.",0.8636363636363636,0.7592029554925969,0.8636363636363636,True,v5_bayesian_blind_rescue,unchanged
Какую технологию освещения использовала команда Sonic Team в игре Sonic Unleashed для повышения реалистичности картинки?,"Команда Sonic Team использовала технологию глобального освещения (Global Illumination) в игре Sonic Unleashed для повышения реалистичности картинки. Эта технология позволяет свету отражаться от поверхностей и создавать более естественные тени и освещение, что делает игровой мир более живым и реалистичным.",0.43902439024390244,0.647672304425485,0.43902439024390244,False,v5_bayesian_blind_rescue,unchanged
На какой реке экспедиция Франклина 26 сентября 1821 года оказалась в безвыходном положении из-за отсутствия лодки и быстрого течения?,"Экспедиция сэра Джона Франклина столкнулась с трудностями на реке Коппермайн, когда их лодка была повреждена, а течение оказалось слишком быстрым для безопасного плавания.",0.9357142857142857,0.7711234519337723,0.9357142857142857,True,v5_bayesian_blind_rescue,unchanged
"Какой инструмент, приобретённый продюсером Тони Висконти, способствовал достижению инновационного звучания альбома Дэвида Боуи Low?","Инструмент, который приобрел продюсер Тони Висконти и который способствовал достижению инновационного звучания альбома Дэвида Боуи ""Low"", — это синтезатор Roland Jupiter 8. Этот синтезатор был одним из первых полифонических аналоговых синтезаторов, выпущенных компанией Roland в начале 1980-х годов. Он имел богатую палитру звуков и возможность создания сложных тембров, что позволило Висконти экспериментировать с новыми звуками и текстурами на альбоме ""Low"". Использование этого инструмента помогло создать уникальное звучание, которое стало характерным для альбома и оказало значительное влияние на развитие электронной музыки.",0.8725490196078431,0.7276163846386655,0.8725490196078431,True,v5_bayesian_blind_rescue,unchanged
Кого рецензент Миллер называл великим мастером человеческой инженерии в романе «История будущего» Роберта Хайнлайна?,В романе Роберта Хайнлайна «История будущего» рецензент Миллер называет великого мастера человеческой инженерии **Роберта Нортона Фогеля**.,0.9357142857142857,0.7731113250253167,0.9357142857142857,True,v5_bayesian_blind_rescue,unchanged
"Кто создал дизайн 20-долларовой монеты, изображающей Свободу, которую чеканили с 1850 по 1907 год?","Дизайн 20-долларовой монеты, изображающей Свободу, был создан Джеймсом Бартоном Лонгакром.",0.05,0.17900801664323338,0.05,False,v5_bayesian_blind_rescue,unchanged
Кто был крестным отцом принцессы Беатрисы Великобритании при её крещении 16 июня 1857 года?,Крестными родителями принцессы Беатрисы Великобритании при её крещении 16 июня 1857 года были принц Альберт Саксен-Кобург-Готский и принцесса Луиза Прусская.,0.8490566037735849,0.7159397706001687,0.8490566037735849,True,v5_bayesian_blind_rescue,unchanged
Кто дал показания перед большим жюри в Бостоне 16 июня 2011 года в рамках дела «Соединённые Штаты против Шварца»?,В деле «Соединённые Штаты против Шварца» показания перед большим жюри давал бывший сотрудник ФБР Роберт Хансен.,0.9166666666666666,0.7815041446121113,0.9166666666666666,True,v5_bayesian_blind_rescue,unchanged
Из скольких сросшихся позвонков состоял крестец патагозавра?,Крестец патагозавра состоял из 5 сросшихся позвонков.,0.8490566037735849,0.6967454608397303,0.8490566037735849,True,v5_bayesian_blind_rescue,unchanged
"Какой австрийский артист стал единственным представителем жанра австропоп, добившимся крупного успеха за пределами Австрии?","Австрийский певец и автор песен Фалько является единственным представителем жанра «австропоп», который добился значительного успеха за пределами своей страны. Его песня «Rock Me Amadeus» стала международным хитом в 1985 году, достигнув первого места в чартах многих стран, включая США.",0.1111111111111111,0.18920878512938813,0.1111111111111111,False,v5_bayesian_blind_rescue,unchanged
Кто был объявлен султаном Месудом I в мае 1155 года в присутствии эмиров после прохождения церемонии джюлюс?,"В мае 1155 года султаном Месуда I был объявлен его сын, Кылыч-Арслан II.",0.8571428571428571,0.735668340347749,0.8571428571428571,True,v5_bayesian_blind_rescue,unchanged
Каков диаметр медали «За отличие в охране общественного порядка»?,Диаметр медали «За отличие в охране общественного порядка» составляет 32 мм.,0.05,0.176644702966719,0.05,False,v5_bayesian_blind_rescue,unchanged
Какой механизм наследования характерен для восковидных липофусцинозов нейронов?,"## Механизм наследования восковидных липофусцинозов нейронов

Восковидные липофусцинозы нейронов — это группа заболеваний, характеризующихся накоплением липофусцина в клетках нервной системы. Эти состояния могут быть обусловлены различными генетическими факторами и имеют разные механизмы наследования.

### Основные типы наследования

1. **Аутосомно-рецессивный тип**
   - Наиболее распространённый механизм наследования для большинства форм восковидной липофусциноза нейронов. Это означает, что заболевание проявляется у лиц, унаследовавших дефектный ген от обоих родителей. Родители обычно являются носителями одного мутантного гена и не проявляют симптомов заболевания.

2. **Аутосомно-доминантный тип**
   - В некоторых случаях восковидная липофусциноза может передаваться по аутосомно-доминантному типу. При этом заболевании достаточно одной копии мутантного гена для проявления патологии. Родитель с заболеванием имеет 50% вероятность передать его потомству.

3. **Х-сцепленный тип**
   - Редко встречающийся механизм наследования, при котором мутация находится на Х-хромосоме. Этот тип чаще встречается у мужчин, так как они имеют только одну",0.05,0.1469143138744304,0.05,False,v5_bayesian_blind_rescue,unchanged
У кого Георгий Гапон узнал конспиративный адрес Рутенберга в Москве перед визитом 6 февраля 1906 года?,Георгий Гапон узнал конспиративный адрес Павла Рутенберга в Москве от своего знакомого по имени Михаил Иванович.,0.9357142857142857,0.782678615615032,0.9357142857142857,True,v5_bayesian_blind_rescue,unchanged
Кого сиракузяне взяли живым в плен во время Осады Сиракуз (311—309 до н. э.)?,"Во время осады Сиракузы (311–309 гг. до н. э.) карфагеняне захватили в плен живым одного из самых выдающихся полководцев древности — Аполлодора Дамасского. Он был командующим войсками Деметрия Полиоркета и попал в плен после того, как его армия была разгромлена карфагенянами под стенами города.",0.8571428571428571,0.7207836440250791,0.8571428571428571,True,v5_bayesian_blind_rescue,unchanged
В каком году был реабилитирован лингвист Рихард Рихардович Фасмер?,Рихард Рихардович Фасмер был реабилитирован в 1956 году.,0.05,0.17489859535071903,0.05,False,v5_bayesian_blind_rescue,unchanged
"Куда Дороти Арнольд сообщила своей матери, что отправляется 12 декабря 1910 года?","Дороти Арнольд сообщила своей матери, что собирается отправиться в путешествие по Европе на следующий день после Рождества, то есть 25 декабря 1910 года.",0.8725490196078431,0.7614466043156702,0.8725490196078431,True,v5_bayesian_blind_rescue,unchanged
"Какие устройства, построенные на квантовой механике, используются в качестве источников света для отправки сообщений по оптоволоконным кабелям во всемирной сети?","В качестве источников света для отправки сообщений по оптоволоконным кабелям во всемирной сети используются лазеры, построенные на основе квантовой механики. Лазеры работают на принципе вынужденного излучения, когда возбужденные атомы или молекулы излучают фотоны при переходе из более высокого энергетического состояния в более низкое. Это позволяет создавать мощные и стабильные световые импульсы, которые могут передаваться по оптоволокну на большие расстояния с минимальными потерями сигнала.",0.05,0.15497194690708269,0.05,False,v5_bayesian_blind_rescue,unchanged
"В каком городе, названном в референсном тексте столицей рок-н-ролла, происходит действие фильма Джима Джармуша «Таинственный поезд» (1989)?","Действие фильма Джима Джармуша «Таинственный поезд» (1989) происходит в Мемфисе, штат Теннесси, США. Этот город был назван столицей рок-н-ролла из-за его значимости в истории музыки и рождения жанра.",0.05,0.17463465694041017,0.05,False,v5_bayesian_blind_rescue,unchanged
"В каком году был открыт бальнеологический, грязевой и климатический курорт Горячинск (Туркинские минеральные воды)?","Бальнеологический, грязевой и климатический курорт Горячинск (Туркинские минеральные воды) был открыт в 1738 году.",0.8725490196078431,0.7497169955012967,0.8725490196078431,True,v5_bayesian_blind_rescue,unchanged
Какие три фамилии являются самыми распространёнными в Корее?,"Самыми распространёнными фамилиями в Южной Корее являются Ким, Ли и Пак.",0.1111111111111111,0.18732101123071798,0.1111111111111111,False,v5_bayesian_blind_rescue,unchanged
Куда капитан U-20 Швигер направил свою субмарину в 14:25 после покидания места бедствия «Лузитании»?,"Капитан U-20 Вальтер Швигер направился к месту крушения лайнера ""Лузитания"" и атаковал его торпедой примерно в 14:25 по Гринвичу. После атаки он покинул место происшествия и продолжил свой путь на север.",0.8725490196078431,0.7450465853550768,0.8725490196078431,True,v5_bayesian_blind_rescue,unchanged
В каком году игра Mortal Kombat (2011) вышла на платформах Xbox 360 и PlayStation 3?,"Игра ""Mortal Kombat"" для платформ Xbox 360 и PlayStation 3 была выпущена в 2011 году.",0.05263157894736842,0.18469267086633886,0.05263157894736842,False,v5_bayesian_blind_rescue,unchanged
В каком сезоне Дуайт Йорк стал лучшим бомбардиром английской Премьер-лиги?,Дуайт Йорк стал лучшим бомбардиром английской Премьер-лиги в сезоне 1998/1999 годов. В том сезоне он забил 24 гола за Манчестер Юнайтед и помог команде выиграть чемпионат Англии.,0.9357142857142857,0.7744692567554669,0.9357142857142857,True,v5_bayesian_blind_rescue,unchanged
Какие две полностраничные миниатюры располагаются на развороте друг напротив друга в Гигантском кодексе?,"На развороте Гигантского кодекса расположены две полностраничные миниатюры, изображающие архангела Михаила и архангела Гавриила.",0.6461538461538462,0.6334259755784055,0.6461538461538462,True,v5_bayesian_blind_rescue,unchanged
В каком фильме 2014 года Иэн Макшейн сыграл роль Уинстона Скотта?,"Иэн Макшейн исполнил роль Уинстона Скотта в фильме «Джон Уик» («John Wick»), который вышел в 2014 году.",0.05,0.17991556864309033,0.05,False,v5_bayesian_blind_rescue,unchanged
В каком году ван Свитен умер?,Франц Йозеф фон Ван Свитен скончался 28 мая 1803 года.,0.8725490196078431,0.7488797319211913,0.8725490196078431,True,v5_bayesian_blind_rescue,evidence_year_delta_boost_fn
"В каком году, согласно Плинию Старшему, впервые были выпущены древнеримские монеты квинарии?","Согласно Плинию Старшему, первые древнеримские монеты квинарии были выпущены в 269 году до н. э.",0.8571428571428571,0.7243649684353303,0.8571428571428571,True,v5_bayesian_blind_rescue,unchanged
"В каком жанре, согласно официальным данным лейбла YG, записаны обе песни сингл-альбома «Lalisa»?","Согласно официальным данным лейбла YG, обе песни сингл-альбома «Lalisa» записаны в жанре **K-pop**.",0.28943618168131807,0.6261018626463902,0.28943618168131807,False,v5_bayesian_blind_rescue,unchanged
"Какой вирусный элемент, локализованный в 3′-нетранслируемой области, связывает факторы трансляции и комплементарно взаимодействует с 5′-концом для доставки их к месту начала трансляции у многих вирусов растений?","Вирусные элементы, которые связывают факторы трансляции и комплементарно взаимодействуют с 5'-концом мРНК для доставки их к месту начала трансляции у многих вирусов растений, называются **IRES** (Internal Ribosome Entry Site). IRES - это последовательность внутри мРНК, которая позволяет рибосоме начать трансляцию без участия факторов инициации трансляции, таких как eIF4E и eIF4G. Это особенно важно для вирусов растений, так как они часто используют альтернативные механизмы инициации трансляции из-за особенностей своей РНК генома.",0.6461538461538462,0.6813512707854593,0.6461538461538462,True,v5_bayesian_blind_rescue,unchanged
Под каким регистрационным номером стоянка Каменка 1 зарегистрирована в едином государственном реестре объектов культурного наследия народов Российской Федерации?,"### Информация о регистрации объекта «Каменка 1» в Едином государственном реестре объектов культурного наследия

Объект «Каменка 1», расположенный на территории России, зарегистрирован в Едином государственном реестре объектов культурного наследия народов Российской Федерации под следующим регистрационным номером:

**2610159000**

Этот номер подтверждает статус объекта как памятника истории и культуры регионального значения.",0.6461538461538462,0.6888499574387579,0.6461538461538462,True,v5_bayesian_blind_rescue,unchanged
"Кто выступает в роли финального босса в третьем эпизоде игры Wolfenstein 3D под названием Die, Fuhrer, Die!","В третьем эпизоде игры ""Wolfenstein 3D"" под названием ""Die, Fuhrer, Die!"" финальным боссом является Адольф Гитлер.",0.09375,0.21029070020202698,0.09375,False,v5_bayesian_blind_rescue,unchanged
Какова была максимальная устойчивая скорость ветра урагана «Билл» (2009) в момент достижения им четвёртой категории по шкале Саффира — Симпсона?,"Максимальная устойчивая скорость ветра урагана «Билл», достигшего четвёртой категории по шкале Саффира — Симпсона, составляла примерно 135 миль в час (около 217 км/ч).",0.43902439024390244,0.6517894123252201,0.43902439024390244,False,v5_bayesian_blind_rescue,unchanged
В каком году был издан труд Маршалла Маклюэна «The Gutenberg Galaxy: The Making of Typographic Man»?,Труд Маршалла Маклюэна «The Gutenberg Galaxy: The Making of Typographic Man» был издан в 1962 году.,0.09375,0.1944598169003313,0.09375,False,v5_bayesian_blind_rescue,unchanged
Какова высота высшей точки Тулвинской возвышенности в Пермском крае?,Высшая точка Тулвинской возвышенности находится на горе Сыпва и имеет высоту 718 метров над уровнем моря.,0.8571428571428571,0.7125983912276771,0.8571428571428571,True,v5_bayesian_blind_rescue,unchanged
"Какой шведский дуэт, состоящий из Мари Фредрикссон и Пера Гессле, выпустил песню «Neverending Love» в 1986 году?","Шведский музыкальный дуэт Roxette, состоящий из Мари Фредрикссон и Пера Гессле, выпустил песню «Neverending Love» в 1986 году.",0.05263157894736842,0.17016045064578,0.05263157894736842,False,v5_bayesian_blind_rescue,unchanged
Какой принцип организации материала использовал Лиланд в своих трудах вместо алфавитного или рубричного?,Лиланд использовал принцип хронологической организации материала в своих трудах.,0.05,0.15079537082135752,0.05,False,v5_bayesian_blind_rescue,blind_recall_rescue_fp
"В каком году крейсер «Альмиранте Грау» (бывший «Де Рёйтер») был списан, став последним в мире лёгким крейсером?","Крейсер «Альмиранте Грау», бывший «Де Рёйтер», был списан в 1975 году, что сделало его последним в мире лёгким крейсером.",0.1111111111111111,0.20365867949206332,0.1111111111111111,False,v5_bayesian_blind_rescue,unchanged
Кто был первым командиром линейного корабля «Азов» (1826)?,"Первым командиром линейного корабля «Азов», спущенного на воду в 1826 году, был **капитан 1-го ранга Михаил Петрович Лазарев**.",0.8571428571428571,0.7232884593031724,0.8571428571428571,True,v5_bayesian_blind_rescue,unchanged
В каком году Барбара Мак-Клинток получила Нобелевскую премию по физиологии и медицине?,Барбара Мак-Клинток получила Нобелевскую премию по физиологии и медицине в 1983 году.,0.28846153846153844,0.5704857667512673,0.28846153846153844,False,v5_bayesian_blind_rescue,evidence_refuted_boost_fn
Какой кратер был целью первой поездки на лунном ровере экипажа миссии «Аполлон-16»?,Кратер Слейтон был целью первой поездки на лунном ровере экипажа миссии «Аполлон-16».,0.95,0.7868570157874913,0.95,True,v5_bayesian_blind_rescue,unchanged
Какое шоссе символизирует скошение поля на гербе города Красногорск?,"Шоссе, которое символизирует скошенное поле на гербе города Красногорска, — это Волоколамское шоссе.",0.8490566037735849,0.6680408074828055,0.8490566037735849,True,v5_bayesian_blind_rescue,unchanged
"Кем был возглавляемый Вириатом народ, с которым воевал консул Квинт Фабий Максим Эмилиан в Дальней Испании в 145 году до н. э.?","Вириат был вождем племени лузитанов, которое проживало на территории современной Португалии и частично Испании. Лузитаны были одним из многих племен, населявших Иберийский полуостров во времена Римской империи. Они вели борьбу против римлян, которые стремились установить контроль над этой территорией. В 145 году до н.э. консул Квинт Фабий Максим Эмилиан возглавил армию, которая сражалась с лузитанами под руководством Вирията.",0.05,0.17911313176837754,0.05,False,v5_bayesian_blind_rescue,unchanged
Какую организацию возглавлял Мешади Азиз-бек оглы Азизбеков?,Мешади Азиз-бек оглы Азизбеков был председателем Бакинского комитета партии «Дашнакцутюн» в 1905 году.,0.9357142857142857,0.778295337984102,0.9357142857142857,True,v5_bayesian_blind_rescue,unchanged
"Как звали автора, написавшего новый текст для книги «Super Mario Bros: The Complete Strategy Guide», изданной в октябре 1985 года, но не получившего за это оплату?",Автором текста для книги «Super Mario Bros: The Complete Strategy Guide» является Том Холл.,0.8725490196078431,0.7551641590479069,0.8725490196078431,True,v5_bayesian_blind_rescue,unchanged
"Как называется спутник Урана, на поверхности которого «Вояджером-2» были обнаружены три венца: Арден, Эльсинор и Инвернесс?","Спутник Урана, на котором «Вояджер-2» обнаружил три венца — это спутник Миранда.",0.05,0.17596067728753648,0.05,False,v5_bayesian_blind_rescue,unchanged
Кем был избран Уильям де Сент-Барб 14 марта 1143 года?,Уильям де Сент-Барб был избран епископом в 1143 году.,0.28846153846153844,0.6203199431543536,0.28846153846153844,False,v5_bayesian_blind_rescue,evidence_refuted_boost_fn
Какую книгу Джорджа Оруэлла Патрик Кроскери сравнил с политической тематикой альбома «Animals» Роджера Уотерса?,Патрик Кроскери сравнил политическую тематику альбома «Animals» Роджера Уотерса с книгой Джорджа Оруэлла «Скотный двор».,0.28846153846153844,0.21995180702511694,0.28846153846153844,False,v5_bayesian_blind_rescue,unchanged
"В каком году состоялся выпуск альбома Дайаны Росс, на обложке которого она изображена в розовом платье с меховой накидкой?","Альбом Дайаны Росс под названием ""Touch Me in the Morning"" был выпущен в 1973 году. На его обложке действительно изображена певица в розовом платье с меховой накидкой.",0.9166666666666666,0.7642892443298055,0.9166666666666666,True,v5_bayesian_blind_rescue,unchanged
Какая звезда является крупнейшей в пределах десяти световых лет от Солнца?,Крупнейшей звездой в пределах десяти световых лет от Солнца является красный гигант Бетельгейзе.,0.43902439024390244,0.6227053408122564,0.43902439024390244,False,v5_bayesian_blind_rescue,unchanged
Какое количество баллов из 100 получила первая часть франшизы «Обитель зла» на сайте Metacritic по состоянию на октябрь 2013 года?,По состоянию на октябрь 2013 года первая часть франшизы «Обитель зла» получила 68 баллов из 100 на сайте Metacritic.,0.8725490196078431,0.7417200315146756,0.8725490196078431,True,v5_bayesian_blind_rescue,unchanged
Кто из рецензентов журнала Paste назвал события вступительной части игры Final Fantasy VII в городе Мидгар самой запоминающейся частью игры?,Рецензент журнала Paste назвал события вступительной части игры Final Fantasy VII в городе Мидгар самой запоминающейся частью игры.,0.8725490196078431,0.7749780471096658,0.8725490196078431,True,v5_bayesian_blind_rescue,unchanged
Какой максимальный размах крыльев у странствующего и южного королевского альбатросов?,"Странствующий альбатрос имеет самый большой размах крыльев среди всех птиц — до 3,7 метра. Южный королевский альбатрос также обладает очень большим размахом крыльев, который может достигать 3,2 метра.",0.09375,0.17896613943100503,0.09375,False,v5_bayesian_blind_rescue,unchanged
Какой композитор был выбран для создания музыкального сопровождения к фильму «История игрушек»?,"Композитором, который создал музыкальное сопровождение к мультфильму «История игрушек», является Рэнди Ньюман.",0.09375,0.18207229464302463,0.09375,False,v5_bayesian_blind_rescue,unchanged
В мультиплеере игры TimeSplitters 2 сколько всего доступно режимов игры?,"В игре ""TimeSplitters 2"" доступны следующие режимы игры в мультиплеере:

1. **Deathmatch** - классический режим, где игроки сражаются друг с другом до тех пор, пока не закончатся жизни или время.

2. **Team Deathmatch** - аналогично Deathmatch, но команды игроков соревнуются друг с другом.

3. **Capture the Flag** - игроки должны захватить флаг противника и доставить его на свою базу.

4. **Bombing Run** - один игрок становится террористом, а остальные - спецназом. Террорист должен установить бомбу, а спецназ - обезвредить её.

5. **Freeze Tag** - один игрок становится ""замораживателем"", который может заморозить других игроков. Замороженные игроки могут быть разморожены другими игроками.

6. **Race** - игроки должны пройти через определённую трассу как можно быстрее.

7. **Last Man Standing** - игроки сражаются друг с другом, пока не останется только один выживший.

8. **Hunter** - один игрок становится охотником, а остальные становятся добычей. Охотник должен поймать всех остальных игроков.

9. **Survival** - игроки должны выжить как можно дольше",0.38461538461538464,0.6308792316706344,0.38461538461538464,False,v5_bayesian_blind_rescue,unchanged
Сколько дней длились военные действия на Сремском фронте во время Второй мировой войны?,"Военные действия на Сремском фронте во время Второй мировой войны продолжались с 20 апреля по 15 мая 1945 года. Таким образом, они длились около 3 недель.",0.8571428571428571,0.7160294883895215,0.8571428571428571,True,v5_bayesian_blind_rescue,evidence_refuted_boost_fn
"В каком году Бутан стал одним из последних государств, введших женское избирательное право?",Бутан ввел женское избирательное право в 2008 году.,0.05,0.17381289452890136,0.05,False,v5_bayesian_blind_rescue,unchanged
"Кем был О. О. Родзевич, с которым у Ксаверия Корбута возник конфликт в музыкальной школе Р. А. Гуммерта в Казани?",О. О. Родзевич был преподавателем музыки и руководителем хора в музыкальной школе Р. А. Гуммерта в Казани.,0.05,0.17349728412374843,0.05,False,v5_bayesian_blind_rescue,unchanged
На какое место в списке «500 величайших альбомов всех времён» журнала Rolling Stone поднялся альбом «(What's the Story) Morning Glory?» в обновлённом рейтинге 2020 года?,"Альбом Oasis ""What's the Story) Morning Glory?"" занял 189-е место в обновлённом рейтинге ""500 величайших альбомов всех времён"" журнала Rolling Stone в 2020 году.",0.8725490196078431,0.7408503359778088,0.8725490196078431,True,v5_bayesian_blind_rescue,unchanged
"Кто является персонажем романа «Братья Карамазовы», пытавшимся выманить капитал у помещицы Хохлаковой и в суде объяснившим убийство Фёдора Карамазова влиянием среды?","Персонаж романа ""Братья Карамазовы"", который пытался выманить капитал у помещицы Хохлаковой и в суде объяснил убийство Фёдора Карамазова влиянием среды, — это Дмитрий Фёдорович Карамазов.",0.28846153846153844,0.2549414877033553,0.28846153846153844,False,v5_bayesian_blind_rescue,unchanged
Кем и в какой дате был вручен рядовому Владимиру Каманцеву орден Мужества за бои под Шатоем?,Орден Мужества рядовому Владимиру Каманцеву был вручён 20 августа 1995 года.,0.95,0.7857730168469721,0.95,True,v5_bayesian_blind_rescue,unchanged
Кто выкупил Федона из Элиды из рабства по просьбе Сократа?,"Федон был философом и учеником Сократа. После смерти своего учителя он бежал в город Элиду, где его схватили и продали в рабство. Однако Сократ попросил одного из своих друзей, Критона, выкупить Федона из рабства. Критон выполнил просьбу Сократа и выкупил Федона, после которого тот вернулся в Афины и продолжил свою философскую деятельность.",0.7142857142857143,0.6953897683945013,0.7142857142857143,True,v5_bayesian_blind_rescue,unchanged
"В каком году палеонтологи обнаружили экземпляр эдмонтозавра, получивший прозвище «Дакота»?","Палеонтологи обнаружили экземпляр эдмонтозавра, получивший прозвище «Дакота», в 2004 году.",0.95,0.789489914017914,0.95,True,v5_bayesian_blind_rescue,unchanged
В каком возрасте Тревор Линден был назначен капитаном клуба «Ванкувер Кэнакс»?,Тревор Линден был назначен капитаном клуба «Ванкувер Кэнакс» в 1997 году.,0.9357142857142857,0.7814000509891775,0.9357142857142857,True,v5_bayesian_blind_rescue,unchanged
Какой уникальный для моллюсков аппарат для измельчения пищи находится в глотке большинства видов?,"Уникальный аппарат для измельчения пищи у моллюсков называется **радула** (radula). Радула представляет собой хитиновую ленту с многочисленными мелкими зубчиками, расположенными на внутренней поверхности ротовой полости. Этот орган используется большинством моллюсков для соскабливания и измельчения пищи перед её проглатыванием.",0.05,0.15895719365984493,0.05,False,v5_bayesian_blind_rescue,unchanged
"Где, согласно Страбону и Каллину, окончил свою жизнь Калхант?","Согласно Страбону и Каллину, Калхант умер в Дельфах.",0.8490566037735849,0.6973431679648231,0.8490566037735849,True,v5_bayesian_blind_rescue,unchanged
В каком году Л. С. Берг обосновал выделение акантодов в отдельный класс рыб?,Л. С. Берг обосновал выделение акантодов в отдельный класс рыб в 1940 году.,0.8725490196078431,0.7582411392358713,0.8725490196078431,True,v5_bayesian_blind_rescue,unchanged
Кто отказался утвердить план отступления войск УГА в регион между Днестром и Карпатскими горами во время Польско-украинской войны?,"Во время Польско-украинской войны 1918–1919 годов, когда войска Украинской Галицкой Армии (УГА) вели боевые действия против поляков, генерал-хорунжий Евген Петрушевич, глава правительства УГА, принял решение о переходе к обороне на линии реки Збруч. Однако, после того как польские войска начали наступление, Петрушевич решил отказаться от плана отступления и предложил перейти к активным действиям для защиты территории.",0.8725490196078431,0.7788118781935527,0.8725490196078431,True,v5_bayesian_blind_rescue,unchanged
Какой швейцарский композитор основал Оркестр итальянской Швейцарии в 1933 году?,Швейцарский композитор и дирижёр Поль Хиндемит основал Оркестр итальянской Швейцарии в 1933 году.,0.95,0.7991585818670549,0.95,True,v5_bayesian_blind_rescue,unchanged
Как звали Беллерофонта при рождении согласно современным источникам?,"Согласно современным источникам, Беллерофонт при рождении носил имя Гиппоной.",0.9166666666666666,0.7651523567215156,0.9166666666666666,True,v5_bayesian_blind_rescue,unchanged
Как называли выходцев из Персии среди малабарских христиан в сиро-малабарской католической церкви?,Выходцы из Персии среди малабарских христиан в сиро-малабарской католической церкви назывались **сирийцами**.,0.09375,0.1927870876945372,0.09375,False,v5_bayesian_blind_rescue,unchanged
"Какие химические элементы в ионизированном и нейтральном виде (Ca II, Fe I, Fe II, Cr II, Ti II) видны в спектрах звёзд класса F?","В спектрах звёзд класса F можно увидеть следующие химические элементы в ионизированном и нейтральном виде:

1. **Ca II** - Ионизированный кальций. В спектрах звёзд класса F часто наблюдаются линии ионизации кальция, такие как линия Ca II K (3968 Å). Это связано с высокой температурой поверхности этих звёзд, которая способствует ионизации атомов кальция.

2. **Fe I** - Нейтральный железо. Линии нейтрального железа также могут быть обнаружены в спектрах звёзд класса F, хотя они менее выражены по сравнению с линиями ионов железа.

3. **Fe II** - Ионизованный железо. Линии ионизованного железа, такие как линия Fe II 4405 Å, являются характерными для спектров звёзд класса F. Эти линии возникают при более высоких энергиях ионизации железа, что соответствует температуре поверхности таких звёзд.

4. **Cr II** - Ионизованный хром. Линии ионизированного хрома также присутствуют в спектрах звёзд класса F, но их интенсивность может варьироваться в зависимости от конкретных условий на поверхности звезды.

5. **Ti II** - Ионизованный титан. Линии ионизованного титана, например",0.28846153846153844,0.21580882434003854,0.28846153846153844,False,v5_bayesian_blind_rescue,unchanged
"Кто в 1945 году изобрёл устройство, которое причисляют к первым предшественникам RFID-технологии?","В 1945 году Лев Термен, советский физик и изобретатель, создал устройство, которое считается одним из первых предшественников технологии радиочастотной идентификации (RFID). Это устройство называлось «Токамак» и представляло собой пассивный радиомаяк, который мог быть активирован с помощью радиосигнала.",0.8725490196078431,0.7772959080066574,0.8725490196078431,True,v5_bayesian_blind_rescue,unchanged
Кто произнёс пламенную проповодь в лагере Иль-Гази перед битвой на Кровавом поле?,Пламенную речь в лагере Иль-Гази перед битвой на Кровавом поле произнёс предводитель монголов и татар Хубилай-хан.,0.95,0.8106058965451233,0.95,True,v5_bayesian_blind_rescue,unchanged
Каким цветом чернил обладает героиня Лилия Романова в комиксе «Книгочеи»?,В комиксе «Книгочеи» у Лилии Романовой волосы и глаза имеют фиолетовый цвет.,0.6461538461538462,0.6660625003676759,0.6461538461538462,True,v5_bayesian_blind_rescue,unchanged
Сколько профессиональных убийц наняла Чёрная Маска в игре Batman: Arkham Origins?,"В игре ""Batman: Arkham Origins"" Чёрная Маска нанял восемь профессиональных убийц для устранения Бэтмена.",0.28846153846153844,0.2551456616309172,0.28846153846153844,False,v5_bayesian_blind_rescue,unchanged
Кто был застрелен из винтовки Barrett в 1997 году в ходе последнего убийства британского солдата в Северной Ирландии?,В 1997 году в ходе последнего убийства британского солдата в Северной Ирландии был застрелен Патрик Линн Маккормак (Patrick Lynn McCormack).,0.9166666666666666,0.7825775964699601,0.9166666666666666,True,v5_bayesian_blind_rescue,unchanged
На каком лейбле в 2019 году был выпущен сольный альбом Уильяма Дюваля «One Alone»?,Сольный альбом Уильяма Дюваля «One Alone» был выпущен на лейбле **Verve Records** в 2019 году.,0.95,0.7978898529569314,0.95,True,v5_bayesian_blind_rescue,unchanged
Кто убил Агамемнона в бане по возвращении из Троянского похода?,Агамемнон был убит своей женой Клитемнестрой и её любовником Эгисфом в бане.,0.05335044157110745,0.20135204908463225,0.05335044157110745,False,v5_bayesian_blind_rescue,unchanged
"Кто возглавлял группу хорватских полицейских, которая через 4,5 часа после катастрофы Boeing CT-43A у Дубровника добралась до места крушения?","В катастрофе Boeing CT-43A у Дубровника в 1992 году погибло 7 человек, включая президента Хорватии Франьо Туджмана и его жену. Группа хорватских полицейских под руководством генерала Анте Готовина прибыла на место крушения спустя 4,5 часа после катастрофы.",0.9166666666666666,0.7829384448087717,0.9166666666666666,True,v5_bayesian_blind_rescue,unchanged
"В каком фильме взят диалог, используемый в середине песни «Cockroaches» с альбома «Point Blank» группы Nailbomb?","Диалог из фильма ""Бегущий по лезвию"" (""Blade Runner"") используется в песне ""Cockroaches"" с альбома ""Point Blank"" группы Nailbomb.",0.6461538461538462,0.6549521026565758,0.6461538461538462,True,v5_bayesian_blind_rescue,unchanged
Как назывался готский Серебряный кодекс из Остготского королевства?,Готский Серебряный кодекс назывался **Codex Argenteus**.,0.1111111111111111,0.20109339337270934,0.1111111111111111,False,v5_bayesian_blind_rescue,unchanged
"Какое условное название сохранилось в литературе за храмом бога Иммаршиа в Эребуни, построенным царём Аргишти I?","В литературе за храмом бога Иммаршиа в Эребуни, построенным царём Аргишти I, сохранилось условное название «Храм солнца».",0.05,0.16458835139870176,0.05,False,v5_bayesian_blind_rescue,blind_recall_rescue_fp
За что редактор газеты «Вятская речь» Владимир Тимофеевич Франжоли и его сотрудники были арестованы 13 августа 1909 года?,"Редактор газеты ""Вятская речь"" Владимир Тимофеевич Франжоли и его сотрудники были арестованы за публикацию статьи о событиях в Китае.",0.28846153846153844,0.6415806069525264,0.28846153846153844,False,v5_bayesian_blind_rescue,unchanged
"Какой член команды Фернана Магеллана первым дал описание Магеллановых Облаков и предположил, что они состоят из отдельных звёзд?","Первым членом команды Фернана Магеллана, который дал описание Магеллановых Облаков и предположил, что они состоят из отдельных звёзд, был Антонио Пигафетта. Он вёл дневник путешествия и подробно описал эти объекты в своих записях.",0.9357142857142857,0.7660192431583411,0.9357142857142857,True,v5_bayesian_blind_rescue,unchanged
"Кто присутствовал на теннисном матче Дон Бадж — Готфрид фон Крамм (Кубок Дэвиса, 1937) в качестве посла нацистской Германии?",На теннисном матче между Доном Баджем и Готфридом фон Краммом в рамках Кубка Дэвиса 1937 года в качестве посла нацистской Германии присутствовал Герман Геринг.,0.9166666666666666,0.7828139478546751,0.9166666666666666,True,v5_bayesian_blind_rescue,unchanged
Какой маршрут в Колорадо Линн Хилл первой прошла свободным лазанием в 1979 году?,"Линн Хилл впервые прошла маршрут ""El Capitan"" свободным лазанием в 1979 году.",0.95,0.7763452378012689,0.95,True,v5_bayesian_blind_rescue,unchanged
Какой балл из 40 возможных дал журналу Famitsu игре Chrono Cross?,Журнал Famitsu оценил игру Chrono Cross в 36 баллов из 40 возможных.,0.9357142857142857,0.7528750240306668,0.9357142857142857,True,v5_bayesian_blind_rescue,unchanged
"Кем по своей сути является Чёрный Нуар, раскрывший свою тайну Бутчеру в финальной схватке в Овальном кабинете?","Чёрный Нуар — это псевдоним главного героя романа «Нуар» американского писателя Джеймса Эллроя. В романе он выступает как частный детектив, расследующий серию жестоких убийств в Лос-Анджелесе в 1950-х годах. Его настоящее имя — Джек Винсент Макгвайр.",0.8571428571428571,0.7091365198673257,0.8571428571428571,True,v5_bayesian_blind_rescue,unchanged
В комедиях какого древнегреческого драматурга Херефонт представлен действующим персонажем в пьесах «Облака» и «Осы»?,Херефонта представляет Аристофан в своих комедиях «Облака» и «Осы».,0.09375,0.19276663730011565,0.09375,False,v5_bayesian_blind_rescue,unchanged
Какое событие стало первой яджной и заложило жертвенные правила согласно древнеиндийской традиции?,"Согласно древнеиндийской традиции, первым событием, которое стало первой яджной и заложило жертвенные правила, является принесение в жертву первочеловека Пуруши. Это событие описывается в Ригведе, где говорится о том, как боги принесли в жертву Пурушу, разделив его на различные части, из которых возникли мироздание и социальные структуры.",0.05,0.1550262703230448,0.05,False,v5_bayesian_blind_rescue,unchanged
Кто лично получил от австрийского императора предложение о свободе вероисповедания и освобождении от налогов для сербов в ходе Великого переселения сербов в 1690 году?,"Великая Сербская Миграция из Герцеговины в Австрийскую монархию произошла после поражения турок в битве на Косовом поле в 1689 году. В результате этого события многие сербы бежали из своих земель, спасаясь от турецкого гнета. Они искали убежища в соседних странах, включая Австрию.

Австрийский император Леопольд I предложил сербам свободу вероисповедания и освобождение от налогов, если они согласятся переехать в Австрийские земли. Это предложение было сделано лично сербскому духовенству во главе с епископом Арсением III Чарноевичем. Епископ Арсений был одним из лидеров Великой Сербской Миграции и сыграл важную роль в организации переезда сербов в Австрию.

Таким образом, епископ Арсений III Чарноевич был тем, кто лично получил от австрийского императора предложение о свободе вероисповедания и освобождении от налогов для сербов в ходе Великого переселения сербов в 1690 году.",0.6461538461538462,0.680019747927024,0.6461538461538462,True,v5_bayesian_blind_rescue,unchanged
"Какая система вышла из строя у экипажа рейса 1862 в катастрофе Boeing 747 в Амстердаме, вызвав неуправляемый крен самолёта?",В катастрофе рейса 1862 авиакомпании KLM в Амстердаме 4 октября 1992 года причиной неуправляемого крена самолета Boeing 747 послужила отказ системы управления полетом. В результате отказа этой системы экипаж потерял контроль над самолетом и не смог стабилизировать его положение в воздухе.,0.9357142857142857,0.7641193920709357,0.9357142857142857,True,v5_bayesian_blind_rescue,unchanged
"Какая компания выпустила в марте 2010 года фигурки Фредди Крюгера, основанные на актёре Джеки Эрле Хейли, для фильма «Кошмар на улице Вязов» (2010)?","Компания NECA (National Entertainment Collectibles Association) выпустила в марте 2010 года фигурки Фредди Крюгера, основанные на актёре Джеки Эрле Хейли, для фильма «Кошмар на улице Вязов» (2010).",0.05,0.16080909400162455,0.05,False,v5_bayesian_blind_rescue,unchanged
За что Иван Ильич Захаров был произведён в чин действительного статского советника?,Иван Ильич Захаров был произведён в чин действительного статского советника за выслугу лет и успешную службу на государственной службе Российской империи.,0.38461538461538464,0.627081383852255,0.38461538461538464,False,v5_bayesian_blind_rescue,unchanged
Кто был назначен начальником артиллерии Красной армии 19 июля 1941 года?,Начальником артиллерии Красной Армии 19 июля 1941 года был назначен генерал-лейтенант артиллерии Николай Николаевич Воронов.,0.9357142857142857,0.8040451952998809,0.9357142857142857,True,v5_bayesian_blind_rescue,unchanged
Кто открыл Фофановский могильник в 1926 году?,Фофановский могильник был открыт в 1926 году археологом и этнографом Николаем Николаевичем Виноградовым.,0.8725490196078431,0.7704675579877546,0.8725490196078431,True,v5_bayesian_blind_rescue,unchanged
Где была похоронена Алиса Баттенберг?,"Алиса Баттенберг, также известная как принцесса Алиса Греческая и Датская, была похоронена в Иерусалиме на территории монастыря Святой Марии Магдалины в Гефсимании.",0.28846153846153844,0.21539580744055417,0.28846153846153844,False,v5_bayesian_blind_rescue,unchanged
О ком написана песня «Venice Queen» с альбома «By the Way»?,Песня «Venice Queen» группы Red Hot Chili Peppers посвящена Венеции и её королеве.,0.6461538461538462,0.6620244037764446,0.6461538461538462,True,v5_bayesian_blind_rescue,unchanged
"Кто из известных владельцев использовал пару револьверов Webley R.I.C. во всех сражениях, включая битву при Литтл-Бигхорн 1876 года, в которой был убит?","Владельцем пары револьверов Webley R.I.C., которые использовались во многих сражениях, включая битву при Литтл-Бигхорн в 1876 году, был Джордж Армстронг Кастер.",0.05,0.1910077497084377,0.05,False,v5_bayesian_blind_rescue,unchanged
"Какое архитектурное бюро спроектировало здание Центрального правительственного офиса Гонконга, расположенное рядом с парком Тамар?",Здание Центрального правительственного офиса Гонконга было спроектировано архитектурным бюро **RSP Architects Planners & Engineers**.,0.28846153846153844,0.21597384356867,0.28846153846153844,False,v5_bayesian_blind_rescue,unchanged
Какое предупреждающее значение имеют ярко-оранжевые пятна на личинках и взрослых особях Battus philenor?,"Ярко-оранжевые пятна на личинках и взрослых особях бабочки Battus philenor служат предупреждающим сигналом для потенциальных хищators. Эти яркие цвета являются примером апосематической окраски, которая предупреждает о наличии у насекомого защитных механизмов, таких как токсины или неприятный вкус. Таким образом, эти оранжевые пятна сигнализируют другим животным, что эта бабочка может быть опасной или неприятной для употребления в пищу.",0.05,0.15597506455873683,0.05,False,v5_bayesian_blind_rescue,unchanged
Какова оценочная длина белых акул при рождении согласно данным о найденных эмбрионах и пойманных новорожденных?,"Оценочная длина белых акул при рождении составляет примерно 1,2 метра.",0.1111111111111111,0.20507663783002558,0.1111111111111111,False,v5_bayesian_blind_rescue,unchanged
"Какой фильм Джиллиан Армстронга стал самым дорогостоящим фильмом Великобритании на момент производства, но провалился в прокате, собрав на родине всего 3 миллиона долларов?","Фильм «Гамлет» (Hamlet), снятый Джиллианом Армстронгом, стал самым дорогим британским фильмом на момент его создания и провалился в прокате, собрав лишь 3 миллиона долларов в Великобритании.",0.95,0.7849895227279058,0.95,True,v5_bayesian_blind_rescue,unchanged
"Кто возглавлял промоутерскую компанию Golden Boy Promotions, с которой Виктор Ортис подписал контракт 4 сентября 2008 года?","Промоутерской компанией, с которой Виктор Ортис подписал контракт 4 сентября 2008 года, была Golden Boy Promotions. Её возглавлял Оскар Де Ла Хойя.",0.05,0.17838990154503645,0.05,False,v5_bayesian_blind_rescue,unchanged
В каком году были восстановлены дипломатические отношения между Индонезией и Китаем?,Дипломатические отношения между Индонезией и Китаем были восстановлены в 1949 году.,0.8725490196078431,0.758172342705158,0.8725490196078431,True,v5_bayesian_blind_rescue,unchanged
"Какое кодовое название получила операция по высадке союзных сил в Сицилии, разработанная в феврале 1943 года?","Операция по высадке союзных сил в Сицилии, разработанная в феврале 1943 года, получила кодовое название ""Хаски"" (Husky).",0.05,0.1541199007900632,0.05,False,v5_bayesian_blind_rescue,unchanged
В каком году Алкивиад был избран стратегом-автократором после возвращения в Афины?,"Алкивиад был избран стратегом-автократором в 407 году до н. э., после своего возвращения в Афины из изгнания.",0.28846153846153844,0.21137596579144446,0.28846153846153844,False,v5_bayesian_blind_rescue,unchanged
Сколько голов забила Кристин Синклер в сезоне 2017 года за клуб «Портленд Торнс»?,Кристин Синклер забила 34 гола за клуб «Портленд Торнс» в сезоне 2017 года.,0.95,0.7929150356503282,0.95,True,v5_bayesian_blind_rescue,unchanged
"Кто, по мнению французских исследователей Л. Геллера и М. Нике, был, пожалуй, первым в русской литературе изобретателем утопического языка?","По мнению французских исследователей Луи Геллера и Мишеля Нике, одним из первых в русской литературе изобретателей утопического языка является Михаил Салтыков-Щедрин.",0.8725490196078431,0.7753567459292251,0.8725490196078431,True,v5_bayesian_blind_rescue,unchanged
Какую актрису Фонтана выделил как лучшую среди исполнителей главных ролей в фильме «Пост Мортем»?,В фильме «Пост Мортем» главную роль исполнила актриса София Бутелла.,0.9357142857142857,0.7869756752096397,0.9357142857142857,True,v5_bayesian_blind_rescue,unchanged
"Сколько выступлений перед зрителями, по признанию Владимира Высоцкого, необходимо для появления «настоящей песни»?","По признанию Владимира Высоцкого, настоящая песня появляется после 10–15 выступлений перед зрителями.",0.8725490196078431,0.7556782703438486,0.8725490196078431,True,v5_bayesian_blind_rescue,unchanged
Когда состоялся релиз сиквела игры Final Fantasy VII Remake под названием Final Fantasy VII Rebirth?,Релиз игры **Final Fantasy VII Rebirth** состоялся 29 февраля 2024 года.,0.28846153846153844,0.5797699274088475,0.28846153846153844,False,v5_bayesian_blind_rescue,evidence_refuted_boost_fn
"С кем, по утверждению Лидделла, Джордж Пикингилл провёл большую часть первых лет жизни?","По утверждению Лидделла, Джордж Пикингилл провёл большую часть первых лет своей жизни с матерью и её семьёй в деревне Блайтигл.",0.05,0.15505877023223802,0.05,False,v5_bayesian_blind_rescue,blind_recall_rescue_fp
"Согласно росписи от 9 августа 1613 года, сколько башен насчитывалось в Чебоксарском кремле?",В Чебоксарском кремле по росписи от 9 августа 1613 года было 8 башен.,0.9357142857142857,0.7784850526230596,0.9357142857142857,True,v5_bayesian_blind_rescue,unchanged
У какого хордового животного не из класса позвоночных был обнаружен белок UBTF?,"Белок UBTF (Upstream Binding Transcription Factor) впервые был обнаружен у хордовых животных, которые не относятся к классу позвоночных. Это животное — ланцетник (Amphioxus).",0.05,0.18177331890352247,0.05,False,v5_bayesian_blind_rescue,unchanged
В каком полнометражном аниме «Sonic the Hedgehog: The Movie» Метал Соник играет ключевую роль в истории?,Метал Соник играет ключевую роль в истории полнометражного аниме «Sonic the Hedgehog: The Movie».,0.28846153846153844,0.621190456831533,0.28846153846153844,False,v5_bayesian_blind_rescue,unchanged
"Кто в последней четверти XIX века создал теорию множеств, ставшую новым языком математики?","В последней четверти XIX века немецкий математик Георг Кантор создал теорию множеств, которая стала новым языком математики.",0.05,0.1968036234319802,0.05,False,v5_bayesian_blind_rescue,unchanged
В каком году группа «Кино» записала саундтрек к фильму «Игла»?,Группа «Кино» записала саундтрек к фильму «Игла» в 1987 году.,0.9357142857142857,0.7842788859384434,0.9357142857142857,True,v5_bayesian_blind_rescue,unchanged
Сколько времени занимает полное восстановление родопсина у человека?,"## Сколько времени занимает полное восстановление родопсина у человека?

Родопсин — это зрительный пигмент, содержащийся в палочках сетчатки глаза и отвечающий за сумеречное зрение. Его восстановление после активации светом является важным процессом для поддержания нормального зрения при изменении освещённости.

### Процесс восстановления родопсина

1. **Активация родопсина**: При попадании света на фоторецепторы происходит активация родопсина, что приводит к его расщеплению на опсин и всеотрансретинал.
2. **Восстановление**: После этого начинается процесс восстановления родопсина, который включает обратное превращение всехотрансретиналя обратно в 11-цис-ретиналь и его связывание с опсином.
3. **Время восстановления**: Полное восстановление родопсина занимает примерно от 30 до 45 минут. Этот период может варьироваться в зависимости от индивидуальных особенностей организма и условий окружающей среды.

Таким образом, полное восстановление родопсина у человека занимает около 30–45 минут.",0.28846153846153844,0.6211033561301383,0.28846153846153844,False,v5_bayesian_blind_rescue,unchanged
"Кто объявил победителем в номинации «лучший зарубежный фильм» Национального совета кинокритиков США в 1934 году среди номинантов, включая фильм «Мадам Бовари» (1933)?",Победителем в номинации «Лучший зарубежный фильм» Национального совета кинокритиков США в 1934 году стал фильм **«Мадам Бовари»** (1933).,0.8571428571428571,0.7480515598220959,0.8571428571428571,True,v5_bayesian_blind_rescue,unchanged
"Как Владимир Стасов характеризовал картину И.Е. Репина «Не ждали» в статье «Наши художественные дела», опубликованной в издании «Новости и Биржевая газета» в марте 1884 года?","Владимир Васильевич Стасов, известный русский критик и публицист, охарактеризовал картину Ильи Ефимовича Репина «Не ждали» в своей статье «Наши художественные дела», опубликованной в газете «Новости и Биржевая газета» в марте 1884 года. В этой статье Стасов высоко оценил произведение Репина, отметив его реалистичность, эмоциональную глубину и мастерство художника. Он подчеркнул, что картина является ярким примером русской живописи XIX века и отражает дух времени, когда в России происходили значительные социальные и политические изменения.",0.43902439024390244,0.6433190475696543,0.43902439024390244,False,v5_bayesian_blind_rescue,unchanged
Сколько километров составил рекордный безостановочный пробег поезда Burlington Zephyr 26 мая 1934 года?,"Рекордный безостановочный пробег поезда Burlington Zephyr состоялся 26 мая 1934 года и составил **1075 миль**, что примерно равно **1730 километров**.",0.28846153846153844,0.31513936047920277,0.28846153846153844,False,v5_bayesian_blind_rescue,unchanged
В каком году Михаил Погребецкий стал организатором Украинской школы инструкторов альпинизма в Приэльбрусье?,Михаил Погребецкий стал организатором Украинской школы инструкторов альпинизма в Приэльбрусье в 1987 году.,0.9357142857142857,0.7845967454600101,0.9357142857142857,True,v5_bayesian_blind_rescue,unchanged
Кем в ранневизантийской историографии было написано житие Антония Великого?,Житие Антония Великого было написано святым Афанасием Александрийским.,0.09375,0.18894325719577096,0.09375,False,v5_bayesian_blind_rescue,unchanged
"Сколько немецких населённых пунктов было в перечне, составленном исследователем Л. А. Бургарт на основании Энциклопедического словаря «Немцы России. Населённые пункты и места поселения»?","На основании Энциклопедического словаря «Немцы России. Населённые пункты и места поселения», исследователь Л. А. Бургарт составил перечень, включающий 1048 немецких населённых пункта.",0.6461538461538462,0.6767480970925814,0.6461538461538462,True,v5_bayesian_blind_rescue,unchanged
Какова была энергетическая ценность стандартного дневного рациона команды Руаля Амундсена во время Норвежской антарктической экспедиции 1910—1912 годов?,Энергетическая ценность стандартного дневного рациона команды Руаля Амундсена во время Норвежской антарктической экспедиции 1910—1912 годов составляла примерно **4500 ккал** на человека в день. Этот рацион включ в себя большое количество жиров и белков для обеспечения необходимой энергии в условиях сурового климата Антарктиды.,0.8571428571428571,0.7295786960562859,0.8571428571428571,True,v5_bayesian_blind_rescue,unchanged
"Каков период обращения вокруг общего центра масс у двойной звезды Сириус, состоящей из Сириуса A и белого карлика Сириуса B?",Период обращения вокруг общего центра масс у двойной звезды Сириус составляет примерно 50 лет.,0.05,0.17331922249151432,0.05,False,v5_bayesian_blind_rescue,unchanged
В какой статье сметы расходов немцы учитывали вращающуюся броню башен корабля SMS Von der Tann?,"В Германии в 1904 году была принята новая система классификации кораблей и судов, которая включала в себя несколько статей расходов. Одна из этих статей называлась ""Броня"" и включала в себя расходы на бронирование корпуса и башен корабля. В этой статье учитывались расходы на вращающуюся броню башен корабля SMS Von der Tann.",0.9357142857142857,0.7617623957585073,0.9357142857142857,True,v5_bayesian_blind_rescue,unchanged
В каком десятилетии Я. Б. Зельдович предложил объяснение механизма образования оксидов азота (NOx) при горении?,Яков Борисович Зельдович предложил объяснение механизма образования оксидов азота (NOx) при горении в 1940-х годах.,0.09375,0.1947536486305699,0.09375,False,v5_bayesian_blind_rescue,unchanged
Какое необычное для Исаака Левитана действие он совершил после завершения написания картины «Владимирка»?,"После завершения работы над картиной «Владимирка» Исаак Ильич Левитан отправился в путешествие по Волге на пароходе. Он посетил такие города, как Нижний Новгород, Казань и Самара, где наблюдал за жизнью людей и природой этих мест. Это путешествие вдохновило его на создание новых произведений искусства, включая серию пейзажей с видами Волги.",0.7142857142857143,0.6548713287261989,0.7142857142857143,True,v5_bayesian_blind_rescue,unchanged
"Как называли здание на Чистопрудном бульваре, где в фильме «Подкидыш» жила семья Наташи?",В фильме «Подкидыш» семья Наташи живёт в доме № 10 по Чистопрудному бульвару. Этот дом был построен в 1935 году и является памятником архитектуры. В настоящее время в этом здании находится Московский государственный университет культуры и искусств.,0.9357142857142857,0.7772176230505488,0.9357142857142857,True,v5_bayesian_blind_rescue,unchanged
В каком году Нисефор Ньепс и Луи Дагер заключили нотариальный договор о совместной работе?,Нисефор Ньепс и Луи Дагер заключили нотариальный договор о совместной работе в 1829 году.,0.28846153846153844,0.2639982565693271,0.28846153846153844,False,v5_bayesian_blind_rescue,unchanged
В каком году Макс Планк подобрал правильную формулу для описания излучения черного тела?,Макс Планк подобрал правильную формулу для описания излучения черного тела в 1900 году.,0.28846153846153844,0.2644568601137492,0.28846153846153844,False,v5_bayesian_blind_rescue,unchanged
Какой монашеский орден на Западе воспринимал Иоанна Крестителя как соединительное звено между ветхозаветной аскезой Илии и христианским созерцательным монашеством?,"Монашеский орден, который воспринимал Иоанна Крестителя как соединительное звено между ветхозаветной аскезой Илии и христианским созерцательным монашеством, — это **орден кармелитов**.",0.28846153846153844,0.20125967656778979,0.28846153846153844,False,v5_bayesian_blind_rescue,unchanged
В каком году компания Steepler наняла певца Олега Газманова и его сына Родиона для продолжения рекламы приставки Dendy?,Компания Steepler наняла певца Олега Газманова и его сына Родиона для продолжения рекламы приставки Dendy в 1995 году.,0.8725490196078431,0.7635328998262398,0.8725490196078431,True,v5_bayesian_blind_rescue,unchanged
Какой босс является финальным и самым сложным в игре Terraria?,"В игре Terraria финальным боссом является **Лунный Владыка**. Он считается одним из самых сложных боссов в игре, так как требует от игрока высокого уровня подготовки, хорошей экипировки и стратегического подхода к бою. Лунный Владыка обладает мощными атаками и способностями, которые могут нанести значительный урон игроку, поэтому перед сражением с ним рекомендуется иметь лучшую броню, оружие и аксессуары.",0.95,0.780329503007441,0.95,True,v5_bayesian_blind_rescue,unchanged
Какую сладость использовали для имитации фекалий при съёмках фильма «Зелёный слоник»?,Для имитации фекалий в фильме «Зелёный слоник» использовалась смесь из шоколадного соуса и взбитых сливок.,0.38461538461538464,0.6342526226470206,0.38461538461538464,False,v5_bayesian_blind_rescue,unchanged
"Сколько камней одного цвета необходимо построить в непрерывный ряд в игре Рэндзю, чтобы победить?","В классической версии игры Рэндзю требуется построить пять камней одного цвета в непрерывный ряд на горизонтали, вертикали или диагонали для победы.",0.28846153846153844,0.24452903403764034,0.28846153846153844,False,v5_bayesian_blind_rescue,unchanged
"В каком году, согласно «Хронике Мелроза», Кеннет I стал королём пиктов?","Согласно «Хронике Мелроза» (Chronicon Melritese), Кеннет I стал королём пиктов в 841 году.",0.43902439024390244,0.668370825490673,0.43902439024390244,False,v5_bayesian_blind_rescue,unchanged
На каком кладбище похоронен министр иностранных дел СССР Андрей Андреевич Громыко?,Министр иностранных дел СССР Андрей Андреевич Громыко похоронен на Новодевичьем кладбище в Москве.,0.28846153846153844,0.6215249929598564,0.28846153846153844,False,v5_bayesian_blind_rescue,unchanged
Сколько миллиардов долларов инвестиций привлек Telegram на разработку блокчейн-платформы TON с криптовалютой Gram в 2018 году?,"В 2018 году Telegram привлек $1,7 млрд инвестиций для разработки блокчейн-платформы TON и криптовалюты Gram.",0.28846153846153844,0.2456096999998478,0.28846153846153844,False,v5_bayesian_blind_rescue,unchanged
Какой учёный первым опубликовал грузинские исторические источники в оригинале с французским переводом?,"Первым учёным, опубликовавшим грузинские исторические источники в оригинале с французским переводом, был французский востоковед и путешественник **Александр Дюма** (Alexandre Dumas). В 1840-х годах он издал несколько томов исторических документов Грузии, включая переводы на французский язык и оригинальные тексты на грузинском языке.",0.9357142857142857,0.7561728925653556,0.9357142857142857,True,v5_bayesian_blind_rescue,unchanged
"В каком году была изложена концепция Роя Харрода, вошедшая в состав модели Харрода — Домара?","Концепция Роя Харрода, которая вошла в состав модели Харрода — Домара, была изложена в 1939 году.",0.09375,0.19658909502373637,0.09375,False,v5_bayesian_blind_rescue,unchanged
Кто 19 января 1916 года отбыл из Индии в Месопотамию для назначения командующим Месопотамской армией?,"19 января 1916 года из Индии в Месопотамию отбыл генерал Чарльз Джонсон, который был назначен командующим Месопотамской армией.",0.8725490196078431,0.7681318528284322,0.8725490196078431,True,v5_bayesian_blind_rescue,unchanged
"Кто возглавлял Центральный консультативный совет, учреждённый японской оккупационной администрацией в Индонезии в октябре 1943 года?","Центральный консультативный совет был создан японской оккупационной администрацией в Индонезии в октябре 1943 года. Этот орган был предназначен для консультаций с индонезийскими лидерами и содействия управлению страной под японским контролем. 

Главой Центрального консультативного совета стал **Сукарно**, который был одним из ключевых лидеров движения за независимость Индонезии. Сукарно занимал эту должность до конца войны, когда Япония капитулировала в августе 1945 года.",0.8725490196078431,0.7805715937366496,0.8725490196078431,True,v5_bayesian_blind_rescue,unchanged
На какой высоте над уровнем моря встречаются ошейниковые американские стрижи в Андах?,Ошейниковые американские стрижи (Streptoprocne zonaris) обычно встречаются на высотах от 1500 до 3000 метров над уровнем моря в Андах.,0.8571428571428571,0.7008467351951572,0.8571428571428571,True,v5_bayesian_blind_rescue,unchanged
"Какое заболевание, связанное с нарушением функционирования гематоэнцефалического барьера, приводит к увеличению количества амилоида β в мозге?","## Заболевание, связанное с нарушением функционирования гематоэнцефалического барьера и увеличением количества амилоида β в мозге

### Что такое гематоэнцефалический барьер?
Гематоэнцефалический барьер (ГЭБ) — это физиологический барьер между кровеносной системой и центральной нервной системой, который защищает мозг от вредных веществ и микроорганизмов. Он состоит из эндотелиальных клеток капилляров мозга, которые плотно соединены друг с другом, а также поддерживаются астроцитами и перицитами.

### Нарушение ГЭБ при болезни Альцгеймера
При болезни Альцгеймера наблюдается нарушение целостности гематоэнцефалического барьера. Это приводит к тому, что токсичные вещества, включая бета-амилоид, могут проникать в ткани мозга, вызывая воспаление и дальнейшее повреждение нейронов.

### Роль амилоида β в развитии болезни Альцгеймера
Амилоид β (Aβ) является одним из ключевых белков, участвующих в патогенезе болезни Альцгеймера. Его накопление в мозге приводит к образованию бляшек, которые нарушают нормальную работу нервных клеток и вызывают их гибель.

### Заключение
Таким образом, **болезнь Альцгеймера** является заболеванием, связанным с",0.05,0.16740482586889985,0.05,False,v5_bayesian_blind_rescue,unchanged
Какая компания выступила издателем игры Medieval: Total War в России?,"Издателем игры ""Medieval: Total War"" в России является компания ""1С"".",0.09375,0.17997721033756353,0.09375,False,v5_bayesian_blind_rescue,unchanged
Какую оценку из 10 поставил музыке в Sonic Rush критик Джон Линдеманн из Nintendo World Report?,Критик Джон Линдеманн из журнала Nintendo World Report оценил музыку в игре Sonic Rush на 9 баллов из 10.,0.8725490196078431,0.7465387681484713,0.8725490196078431,True,v5_bayesian_blind_rescue,unchanged
На базе шасси какого бронетранспортёра было разработано советское 120-мм самоходное орудие 2С23 «Нона-СВК»?,Советское 120-мм самоходное орудие 2С23 «Нона-СВК» было разработано на базе шасси БТР-80.,0.8636363636363636,0.7421039332507879,0.8636363636363636,True,v5_bayesian_blind_rescue,unchanged
У каких морских птиц подклювье длиннее надклювья?,"Под клювом у некоторых морских птиц есть специальный вырост — так называемое «подклювье». Оно представляет собой костный выступ на нижней челюсти и служит для удержания добычи в момент захвата. У большинства видов морских птиц подклювье короче надклювья, но у некоторых видов оно может быть даже длиннее. Например, у пеликанов подклювье значительно длиннее надклювья, что позволяет им захватывать крупную рыбу или других животных.",0.43902439024390244,0.6379499492614064,0.43902439024390244,False,v5_bayesian_blind_rescue,unchanged
"Кого в упорной борьбе обошли Меган Дюамель и Эрик Рэдфорд, завоевав свой второй национальный титул в сезоне 2012/2013?","Меган Дюамель и Эрик Рэдфорд выиграли свой второй национальный титул в сезоне 2012/2013, обойдя канадских фигуристов Пайпер Гласс и Полой Мюллер.",0.95,0.809567245133895,0.95,True,v5_bayesian_blind_rescue,unchanged
В каком году Practical Восточная академия была окончена Евгением Дмитриевичем Поливановым?,Евгений Дмитриевич Поливанов окончил Практическую восточную академию в 1903 году.,0.8725490196078431,0.7534132496191143,0.8725490196078431,True,v5_bayesian_blind_rescue,unchanged
Как Хуан Альварес Мальдонадо назвал всю открытую им землю в ходе экспедиции 1567 года?,Хуан Альварес Мальдонадо назвал всю открытую им землю в ходе экспедиции 1567 года «Новой Андалусией».,0.28846153846153844,0.2315429873780626,0.28846153846153844,False,v5_bayesian_blind_rescue,unchanged
"Какую картину в 1978 году создал Шамиль Муртазович Шайдуллин, изобразив себя в единой композиции бытовых сцен?","В 1978 году Шамиль Муртазович Шайдуллин создал картину «Моя семья», на которой он изобразил себя вместе с членами своей семьи в едином бытовом пространстве.",0.9357142857142857,0.7739993920064189,0.9357142857142857,True,v5_bayesian_blind_rescue,unchanged
Какое количество пулемётов «Максим» образца 1910 года входило в вооружение броневика «Фиат-Ижорский»?,В вооружении броневика «Фиат-Ижорский» находилось два пулемёта системы Максима образца 1910 года.,0.05,0.15431995809514912,0.05,False,v5_bayesian_blind_rescue,unchanged
"Какой белок, содержащийся в ядрышке, является компонентом рибосомной субъединицы 40S и подавляет активность киназ Src?","Белок, который содержится в ядрышке и является компонентом рибосомной субъединицы 40S, а также подавляет активность киназ Src, называется **p23**.",0.95,0.8021661075472104,0.95,True,v5_bayesian_blind_rescue,unchanged
"В каком году славянские племена осадили Салоники, событие, изображённое на фреске в базилике Святого Димитрия?","Событие, изображенное на фреске в базилике Святого Димитрия, относится к осаде Салоник в 617 году.",0.8571428571428571,0.7192744650401837,0.8571428571428571,True,v5_bayesian_blind_rescue,unchanged
"Кто из исследователей предполагает, что семья князя Алексея княжества Феодоро могла быть черкесской?","Исследователь, который предполагает, что семья князя Алексея княжества Феодоро могла быть черкесской, — это историк и археолог Николай Николаевич Воронин.",0.8725490196078431,0.7614950978607627,0.8725490196078431,True,v5_bayesian_blind_rescue,unchanged
В каком году была выпущена компьютерная игра Plants vs. Zombies?,"Компьютерная игра ""Plants vs. Zombies"" была впервые выпущена в 2009 году.",0.28846153846153844,0.5663446615693064,0.28846153846153844,False,v5_bayesian_blind_rescue,evidence_refuted_boost_fn
Какой лейбл отказался подписать контракт с The Beatles в конце декабря 1961 года?,"В конце декабря 1961 года Брайан Эпштейн, менеджер группы The Beatles, посетил офис компании Decca Records в Лондоне, чтобы предложить им контракт на запись музыки группы. Однако представители Decca Records отказались подписывать контракт с группой, заявив, что ""гитарные группы были на грани вымирания"". Этот решение оказалось ошибочным, так как The Beatles стали одной из самых успешных и влиятельных музыкальных групп в истории.",0.05,0.14225458520117867,0.05,False,v5_bayesian_blind_rescue,unchanged
"Какой титул защитили Мэдисон Чок и Эван Бейтс в произвольном танце, став первой парой танцев на льду, сделавшей это после Танит Белбин и Бенджамина Агосто?","Мэдисон Чок и Эван Бейтс защитили свой титул чемпионов мира в произвольном танце, став первой парой танцев на льду, сделавшей это после Танит Белбин и Бенджамина Агосто.",0.05,0.16324203566250883,0.05,False,v5_bayesian_blind_rescue,blind_recall_rescue_fp
В каком году ракета AIM-120 AMRAAM была принята на вооружение ВВС США?,Ракета AIM-120 AMRAAM была принята на вооружение ВВС США в 1991 году.,0.05,0.17833338789806233,0.05,False,v5_bayesian_blind_rescue,unchanged
"Кто был матерью-одиночкой, воспитавшей Деррика Карактера?",Мать Деррика Карактера — **Линда Карактер**.,0.9357142857142857,0.8033149140891661,0.9357142857142857,True,v5_bayesian_blind_rescue,unchanged
"Какой результат исследования «волосков шёрстки» Джефа, переданных Прайсом Варой, был получен?","В романе Стивена Кинга «Мистер Мерседес» детектив Билл Ходжес расследует серию убийств, совершённых с помощью автомобиля Mercedes-Benz. В ходе расследования он получает образцы волос из шерсти собаки подозреваемого по имени Джеффри Беннетт, который передал их детективу Прайсу Варе. Анализ этих образцов показывает, что они принадлежат не собаке, а человеку, что указывает на то, что подозреваемый может быть причастен к преступлениям.",0.7142857142857143,0.6555106388613458,0.7142857142857143,True,v5_bayesian_blind_rescue,unchanged
"Какое заболевание, развивающееся при недостатке тиамина, характеризуется расстройством функций нервной системы из-за невозможности нормального окисления пирувата?","Заболевание, которое развивается при недостатке тиамина и характеризуется расстройством функций нервной системы из-за невозможности нормального окисления пирувата, называется бери-бери.",0.28846153846153844,0.20134072470903228,0.28846153846153844,False,v5_bayesian_blind_rescue,unchanged
"В каком городе группа U2 исполнила песню «Sunday Bloody Sunday» в 1987 году, когда Боно осудил взрыв в Эннискиллене, произошедший в тот же день?","Группа U2 исполнила песню «Sunday Bloody Sunday» в 1987 году в городе Дублин, Ирландия. В этот день Боно осудил взрыв в Эннискиллене, который произошел в тот же день.",0.8725490196078431,0.7474921502065044,0.8725490196078431,True,v5_bayesian_blind_rescue,unchanged
"В каком году «Сиэтл Маринерс» сыграл свой первый в истории совершенный матч, питчером в котором был Феликс Эрнандес?","«Сиэтл Маринерс» сыграли свой первый в истории совершенный матч 15 сентября 2012 года, когда их питчер Феликс Эрнандес сделал Perfect Game.",0.28846153846153844,0.21921253802833765,0.28846153846153844,False,v5_bayesian_blind_rescue,unchanged
Кто в 2001 году был играющим тренером белорусского клуба «Гомель»?,В 2001 году играющим тренером белорусского футбольного клуба «Гомель» был Александр Павлович Глеб.,0.9357142857142857,0.7955168207399068,0.9357142857142857,True,v5_bayesian_blind_rescue,unchanged
На каком американском аниме-фестивале в 2002 году был продемонстрирован сериал «Хеллсинг»?,Сериал «Хеллсинг» был продемонстрирован на фестивале анимации Anime Expo в Лос-Анджелесе в 2002 году.,0.05,0.1637417659237206,0.05,False,v5_bayesian_blind_rescue,unchanged
В каком музыкальном видео Тимбаленда в апреле 2007 года появилась Марис Уэлле?,"Тимбаленд выпустил музыкальный клип на песню ""Work"" в апреле 2007 года, и в этом клипе снялась актриса Мариса Уэллс.",0.9166666666666666,0.7655858187662634,0.9166666666666666,True,v5_bayesian_blind_rescue,unchanged
Кто сменил Альдо Моро на посту лидера Федерации католических студентов после его мобилизации в 1942 году?,"После того как Альдо Моро был призван в армию в 1942 году, его пост лидера Федерации католических студентов занял **Джузеппе Пеллегрино**.",0.9357142857142857,0.7916917877999369,0.9357142857142857,True,v5_bayesian_blind_rescue,unchanged
"Как называются события на сервере Minecraft 2b2t, когда десятки игроков объединяются для временного контроля над зоной спавна?","Такие события в Minecraft 2b2t называются **""Захватом Спавна""** или просто **""Спавн-Кража""**.",0.9357142857142857,0.7681054437644304,0.9357142857142857,True,v5_bayesian_blind_rescue,unchanged
В каком году была построена Новосибирская ГЭС?,Новосибирская ГЭС была построена в 1960 году.,0.9357142857142857,0.7879054780342147,0.9357142857142857,True,v5_bayesian_blind_rescue,unchanged
Какой альбом группы The Fall стал переломным фактором в отношении к группе британской прессы?,"Альбом ""Hex Enduction Hours"" группы The Fall стал переломным фактором в отношении к группе британской прессы. Этот альбом был выпущен в 1992 году и получил признание критиков за его инновационный подход к музыке и текстам. Он помог The Fall утвердиться как одну из самых влиятельных групп пост-панка и альтернативного рока.",0.8571428571428571,0.749610345130013,0.8571428571428571,True,v5_bayesian_blind_rescue,unchanged
Кто открыл Туманность Ориона в 1610 году?,Туманность Ориона была открыта в 1610 году французским астрономом и математиком Ипполито Бальони (Ippolito de' Medici).,0.8725490196078431,0.7661611960041088,0.8725490196078431,True,v5_bayesian_blind_rescue,unchanged
Кто заменил Ёситаку Амано в роли дизайнера персонажей в игре Final Fantasy VII?,В качестве замены Ёситаки Амано на должности дизайнера персонажей в игре Final Fantasy VII выступил Тэцуя Номура.,0.05,0.18826643026759152,0.05,False,v5_bayesian_blind_rescue,unchanged
"Кто написал статью, сопоставившую картину «Боярыня Морозова» Сурикова с произведением «Христос и грешница» Поленова на 15-й передвижной выставке?","Статья, в которой была проведена сопоставительная работа между картиной Василия Сурикова «Боярыня Морозова» и полотном Виктора Поленова «Христос и грешница», была написана художником Василием Кандинским.",0.95,0.8153010051507313,0.95,True,v5_bayesian_blind_rescue,unchanged
Кем был отец Эвмена из Кардии согласно версии историка Дурида Самосского?,"Отец Эвмена из Кардии, согласно версии историка Дурида Самосского, был человеком по имени Мантикл.",0.95,0.8173524394418692,0.95,True,v5_bayesian_blind_rescue,unchanged
В каком году был предложен термин «протеомика»?,Термин «протеомика» был впервые предложен в 1997 году.,0.28846153846153844,0.5592851223318911,0.28846153846153844,False,v5_bayesian_blind_rescue,evidence_year_delta_boost_fn
"Какое явление, описывающее дискретный набор значений угла наклона плоскости орбиты электрона в атоме водорода относительно полярной оси, было открыто Арнольдом Зоммерфельдом при рассмотрении системы с тремя степенями свободы?","Арнольд Зоммерфельд открыл квантование углового момента электрона в атоме водорода, что привело к появлению понятия ""квантовые числа"". В частности, он рассматривал систему с тремя степенями свободы и обнаружил, что угол наклона плоскости орбиты электрона может принимать только определенные дискретные значения. Это стало одним из первых примеров квантования физических вели",0.6461538461538462,0.6348619568351778,0.6461538461538462,True,v5_bayesian_blind_rescue,unchanged
Какое прозвище носил персонаж по имени Арчибальд «Арчи» Айвс в фильме «Большой побег»?,"В фильме ""Большой побег"" персонаж по имени Арчибальд ""Арчи"" Айвс носил прозвище ""Саксон"".",0.6461538461538462,0.6308469023973576,0.6461538461538462,True,v5_bayesian_blind_rescue,unchanged
В каком году Джанет Джексон получила награду «Грэмми» за лучшую песню в стиле ритм-н-блюз за композицию «That's The Way Love Goes»?,Джанет Джексон получила премию «Грэмми» за лучшую песню в стиле ритм-н-блюз за композицию «That's The Way Love Goes» в 1994 году.,0.09375,0.19309991852494202,0.09375,False,v5_bayesian_blind_rescue,unchanged
Кто является разработчиком и издателем игры New Super Mario Bros. для консоли Nintendo DS?,"Разработчиком игры ""New Super Mario Bros."" для консоли Nintendo DS является компания Nintendo, а издателем также выступает компания Nintendo.",0.05,0.19181958255314988,0.05,False,v5_bayesian_blind_rescue,unchanged
"Сколько франков составляла ежегодная пенсия, присуждённая Луи Пастеру французским государством после 1882 года?","После того как Луи Пастер стал знаменитым благодаря своим открытиям в области вакцинации и пастеризации, французский государство решило вознаградить его за заслуги перед науцией. В 1882 году ему была назначена пожизненная ежегодная пенсия в размере 25 тысяч франков. Эта сумма была значительной для того времени и подчёркивала важность вклада Пастера в развитие науки и медицины.",0.9166666666666666,0.7649769514044404,0.9166666666666666,True,v5_bayesian_blind_rescue,unchanged
Кто возглавил правый фланг римской армии в битве при Метавре?,"В битве при Метавре, которая произошла 20 июля 207 года до н. э., командовал правым флангом римской армии консул Гай Клавдий Нерон.",0.7267062068759486,0.70043338532566,0.7267062068759486,True,v5_bayesian_blind_rescue,unchanged
"Кто, согласно завещанию Лоренцо ди Креди, является душеприказчиком и вероятной моделью для портрета «Женский портрет (Джиневра ди Джованни ди Никколо?)», хранящегося в музее Метрополитен?","Согласно завещанию Лоренцо ди Креди, его душеприказчиком был Франческо дель Чосса. А вероятной моделью для портрета «Женский портрет» была Джиневра ди Джованни ди Никколо.",0.9357142857142857,0.7925712488854689,0.9357142857142857,True,v5_bayesian_blind_rescue,unchanged
В честь кого посвящён роман Стивена Кинга «Мобильник»?,Роман Стивена Кинга «Мобильник» посвящён его другу и коллеге по жанру ужасов Питеру Страубу.,0.05,0.16085456371071227,0.05,False,v5_bayesian_blind_rescue,blind_recall_rescue_fp
"Какой тип паровоза был указан в предварительном проекте мощного товарного паровоза, завершённом в конце апреля 1930 года на ТБ ОГПУ?","В предварительном проекте мощного товарного паровоза, завершённом в конце апреля 1930 года на ТБ ОГПУ, был указан тип паровоза **ФД** (Феликс Дзержинский).",0.8571428571428571,0.6978603818617163,0.8571428571428571,True,v5_bayesian_blind_rescue,unchanged
"У кого из родителей Герард Терборх, вероятно, перенял навыки изображения материалов?","Герард Терборх, голландский художник XVII века, был сыном художника Питера Корнелиса Терборха. Вероятно, он унаследовал свои художественные навыки от своего отца, который также был художником и занимался живописью.",0.05166921685615569,0.18287188690667647,0.05166921685615569,False,v5_bayesian_blind_rescue,unchanged
Кем был подписан «Новый японо-корейский договор о сотрудничестве» 24 июля 1907 года?,«Новый японо-корейский договор о сотрудничестве» был подписан 24 июля 1907 года премьер-министром Японии Ито Хиробуми и корейским министром иностранных дел Ли Ван Ёном.,0.8725490196078431,0.7469711276819023,0.8725490196078431,True,v5_bayesian_blind_rescue,unchanged
Какое название была присвоена улице Маршала в Петрозаводске 1 декабря 1942 года оккупационным разведывательным отделом?,Улица Маршала в Петрозаводске была переименована в улицу Карла Маркса 1 декабря 1942 года оккупационными властями.,0.95,0.7786912691691299,0.95,True,v5_bayesian_blind_rescue,unchanged
В каком году до н. э. родился Ганнибал?,Ганнибал Барка родился в 247 году до нашей эры.,0.05263157894736842,0.1847884966175165,0.05263157894736842,False,v5_bayesian_blind_rescue,unchanged
В каком году было первое упоминание о газете в Пекине в эпоху династии Мин?,Первое упоминание о газете в Пекине относится к эпохе династии Мин и датируется 1582 годом.,0.8490566037735849,0.6938746556878935,0.8490566037735849,True,v5_bayesian_blind_rescue,unchanged
Где хранится авторская рукопись песни «Вечер на рейде»?,Авторская рукопись песни «Вечер на рейде» находится в Государственном архиве Российской Федерации (ГАРФ).,0.8490566037735849,0.6854654819392597,0.8490566037735849,True,v5_bayesian_blind_rescue,unchanged
Какая синхронная камера была разработана в СССР в 1933 году на основе американских прототипов?,"В 1933 году в СССР была разработана синхронная камера под названием ""КСМ"" (Кинематографическая Съемочная Машина). Она была создана на основе американских прототипов и стала первым отечественным серийным киносъемочным аппаратом с возможностью съемки нескольких кадров одновременно.",0.95,0.7874564539744027,0.95,True,v5_bayesian_blind_rescue,unchanged
Кем работала Франциска Шанцковская на заводе компании «AEG» в 1915 году?,"Франциска Шанцковская работала на заводе компании ""AEG"" в 1915 году как машинистка.",0.8571428571428571,0.7275684398368413,0.8571428571428571,True,v5_bayesian_blind_rescue,unchanged
"Кому в новогоднем обращении 31 декабря 1999 года Борис Ельцин попросил прощения за то, что оказался в чём-то «слишком наивным»?","В новогоднем обращении к гражданам России 31 декабря 1999 года Борис Ельцин попросил прощения у всех граждан страны за то, что оказался в чём-то «слишком наивным».",0.8725490196078431,0.7562849784033244,0.8725490196078431,True,v5_bayesian_blind_rescue,unchanged
В каком возрасте умер Владимир Яковлевич Ворошилов?,Владимир Яковлевич Ворошилов скончался 26 декабря 1999 года в возрасте 78 лет.,0.9357142857142857,0.7843589753323853,0.9357142857142857,True,v5_bayesian_blind_rescue,unchanged
"Кто, согласно тексту, привез историю древних Афин из Египта, которая упоминается в начале диалога Платона «Тимей»?","Согласно диалогу Платона «Тимей», историю древних Афин из Египта привез Солон, афинский мудрец и законодатель.",0.09375,0.20924945122008812,0.09375,False,v5_bayesian_blind_rescue,unchanged
В каком году Карл Мэлоун был введён в Зал славы баскетбола?,Карл Мэлоун был введён в Зал баскетбольной славы в 2010 году.,0.28846153846153844,0.5741660302689491,0.28846153846153844,False,v5_bayesian_blind_rescue,evidence_refuted_boost_fn
"Как называется область вокруг горизонта событий чёрной дыры Керра, внутри которой телам невозможно покоиться относительно удалённых наблюдателей?","Область вокруг горизонта событий чёрной дыры Керра, внутри которой телам невозможно покоиться относительно удалённых наблюдателей, называется эргосферой.",0.28846153846153844,0.21044567185267857,0.28846153846153844,False,v5_bayesian_blind_rescue,unchanged
"Как называется первый успешный регтайм Скотта Джоплина, обложка нот которого показана в статье?","Первый успешный регтайм Скотта Джоплина называется ""Maple Leaf Rag"".",0.05,0.1775053476000671,0.05,False,v5_bayesian_blind_rescue,unchanged
Кто лично утверждал списки персонажей для картины «Парад 6 октября 1831 года в Петербурге»?,"Списки персонажей для картины «Парад 6 октября 1831 года в Петербурге», написанной художником Францем Алексеевичем Рубо, утверждались лично императором Николаем I.",0.09375,0.20439153384836958,0.09375,False,v5_bayesian_blind_rescue,unchanged
В каком году Даниэль получил растение с клубневидными корнями и «муфтой» у основания стебля в ходе своих 26-летних экспериментов по прививке топинамбура на подсолнечник?,Даниэль получил такое растение в 1975 году.,0.9357142857142857,0.7813424634596471,0.9357142857142857,True,v5_bayesian_blind_rescue,unchanged
В каком году была выпущена игра Puzzle Quest: Galactrix?,Игра Puzzle Quest: Galactrix была выпущена в 2009 году.,0.95,0.7893994024573047,0.95,True,v5_bayesian_blind_rescue,unchanged
Какой статус присвоен австралийскому совиному козодою Международным союзом охраны природы?,Статус австралийского совиного козодоя (Podargus strigoides) по данным Международного союза охраны природы (МСОП) — «Наименее обеспокоенный» (Least Concern).,0.09375,0.18053465339555116,0.09375,False,v5_bayesian_blind_rescue,unchanged
"В каком году выплаты и льготы, полученные населением СССР из общественных фондов потребления, выросли с 41,9 до 90,1 млрд рублей?","Выплаты и льготы населению СССР из общественных фондов потребления увеличились с 41,9 до 90,1 млрд рублей в 1975 году.",0.8725490196078431,0.744632031273444,0.8725490196078431,True,v5_bayesian_blind_rescue,unchanged
Кто стал главным тренером футбольного клуба «Шериф» 30 апреля 2019 года?,Главным тренером футбольного клуба «Шериф» 30 апреля 2019 года был назначен Александр Спиридон.,0.9357142857142857,0.7917115964555261,0.9357142857142857,True,v5_bayesian_blind_rescue,unchanged
В каком издании и в каком году вышла статья киноведа Андрея Зоркого «Точное московское время» о фильме «Я шагаю по Москве»?,"Статья киноведа Андрея Зоркого «Точное московское время» о фильме «Я шагаю по Москве» была опубликована в журнале «Искусство кино» № 10, 1967 года.",0.8725490196078431,0.7611565215870969,0.8725490196078431,True,v5_bayesian_blind_rescue,unchanged
Кто убедил американские власти задержать вылет самолёта Ил-62М «Аэрофлота» в аэропорту имени Кеннеди 24 августа 1979 года?,"Задержка вылета самолета Ил-62М «Аэрофлота» в аэропорту имени Кеннеди 24 августа 1979 года была вызвана опасениями американских властей относительно возможной угрозы безопасности. В то время США и СССР находились в состоянии холодной войны, и любые действия или перемещения советских самолетов вызывали подозрения и опасения у американских спецслужб.",0.8636363636363636,0.7599320367233339,0.8636363636363636,True,v5_bayesian_blind_rescue,unchanged
"Кто, согласно хронике Георгия Кедрина, явился ко двору императора Василия II с отрядом в 800 человек и отказался разоружиться?","Согласно «Хронике» Георгия Кедрина, ко двору императора Василия II явились норманны во главе с неким Аматом, которые отказались разоружиться.",0.9357142857142857,0.7934223429446247,0.9357142857142857,True,v5_bayesian_blind_rescue,unchanged
"Кто стали первой официально зарегистрированной однополой парой в Германии, заключившей гражданское партнёрство 1 августа 2001 года в Ганновере?","Первой официально зарегистрированной однополой парой в Германии, заключившей гражданское партнёрство 1 августа 2001 года в Ганновере, были Андреас и Томас.",0.9357142857142857,0.8001558984956922,0.9357142857142857,True,v5_bayesian_blind_rescue,unchanged
В каком году родился Бобби Орр?,Бобби Орр родился 20 марта 1948 года в США.,0.9357142857142857,0.771092338891487,0.9357142857142857,True,v5_bayesian_blind_rescue,evidence_refuted_boost_fn
Как переводится подзаголовок игры Kinetic ★ Connection ② O Hanaba Take?,"Подзаголовок игры ""Kinetic ★ Connection ② O Hanaba Take"" переводится как ""Kinetic ★ Connection 2: О Ханаба Таке"".",0.8636363636363636,0.737464175504145,0.8636363636363636,True,v5_bayesian_blind_rescue,unchanged
Кого Гней Корнелий Сципион Кальв взял в плен вместе с царём илергетов Индебилом после битвы при Циссисе?,Гней Корнелий Сципион Кальв взял в плен вместе с царём илергетов Индебилом его брата Ката.,0.05,0.17798102035640903,0.05,False,v5_bayesian_blind_rescue,unchanged
Кто из троих членов президиума Еврейского антифашистского комитета не был арестован на момент разгона комитета?,"На момент разгона Еврейского антифашистского комитета в 1948 году были арестованы все его члены, кроме одного — Соломон Михоэлс. Он был убит в январе 1948 года, и его смерть была использована как предлог для начала репрессий против членов комитета.",0.8725490196078431,0.7639339610795641,0.8725490196078431,True,v5_bayesian_blind_rescue,unchanged
"Какое название, данное по имени сына Чингисхана Чагатаю, использовалось для обозначения независимой Тартарии в Мавераннахре?",Название «Чагатайский улус» использовалось для обозначения независимой Тартарии в Мавераннахре.,0.28846153846153844,0.19284386622457453,0.28846153846153844,False,v5_bayesian_blind_rescue,unchanged
Кто сменил Роджерса Хорнсби на посту менеджера «Чикаго Кабс» 2 августа?,На пост менеджера «Чикаго Кабс» 2 августа 1947 года был назначен Лео Дрекселл.,0.9357142857142857,0.8022554701434963,0.9357142857142857,True,v5_bayesian_blind_rescue,unchanged
"Какой фермент впервые был описан у тропических злаков, играет важную роль в С4-фотосинтезе и участвует в глюконеогенезе у Acetobacter?","Фермент, который впервые был описан у тропических злаков, играет важную роль в С4-фотосинтезе и участвует в глюконеогенезе у Acetobacter, называется **фосфоенолпируваткарбоксикиназа** (PEP-карбоксилаза).",0.95,0.7992663553483653,0.95,True,v5_bayesian_blind_rescue,unchanged
"Кто является сценаристами комикса «Метеора», издававшегося Bubble Comics с 2014 по 2018 год?",Сценаристом комикса «Метеора» от издательства Bubble Comics был Алексей Замский.,0.95,0.8177964567573044,0.95,True,v5_bayesian_blind_rescue,unchanged
"Кто приказал рабу пронзить себя мечом после того, как был ранен стрелой в правую руку во время битвы при Каррах?","В битве при Каррах, которая произошла в 53 году до н. э., римский полководец Марк Лициний Красс столкнулся с парфянской армией под командованием Сурена. В ходе сражения Красс был ранен стрелой в правую руку и потерял сознание. Его приближённые решили, что он мёртв, и покинули поле боя. Однако Красс пришёл в себя и приказал своему рабу Публию, который также был ранен, пронзить его мечом, чтобы избежать позора плена или смерти на вражеской земле.",0.05,0.17072720669134556,0.05,False,v5_bayesian_blind_rescue,blind_recall_rescue_fp
В каком городе назван индийский сорт бананов «Майсур»?,"Индийский сорт бананов «Майсур» назван в честь города Майсур (ныне Бангалор), который находится на юге Индии. Этот город был столицей княжества Майсур и известен своей богатой историей и культурой.",0.43902439024390244,0.640947388726519,0.43902439024390244,False,v5_bayesian_blind_rescue,unchanged
"Как называются картины Джузеппе Арчимбольдо, изображающие «составленные головы», которые он создал для императоров Максимилиана II и Рудольфа II?","Картины Джузеппе Арчимбольдо, изображающие «составленные головы», называются «Портреты составленных голов» или «Композиции из предметов».",0.9357142857142857,0.7772040760635797,0.9357142857142857,True,v5_bayesian_blind_rescue,unchanged
"Какие два вида животных составляли основную массу костей животных, обнаруженных на поселении Варварина Гора?",На поселении Варварина Гора основную массу костей животных составляли кости крупного рогатого скота и свиней.,0.09375,0.17556475257310203,0.09375,False,v5_bayesian_blind_rescue,unchanged
Кто приказал переправиться через реку Тицин перед битвой при Тицине?,В битве при Тицине в 218 году до н. э. римский полководец Публий Корнелий Сципион приказывал переправляться через реку Тицин.,0.9166666666666666,0.7816038874078505,0.9166666666666666,True,v5_bayesian_blind_rescue,unchanged
"В каком году впервые были отчеканены первые крейцеры — серебряные гроссо герцога Каринтии и Крайны, графа Тироля Мейнхарда II?",Первые крейцеры были отчеканены в 1278 году.,0.28846153846153844,0.21484709510491795,0.28846153846153844,False,v5_bayesian_blind_rescue,unchanged
Сколько человек помиловал губернатор Техаса Лоуренс Салливан Росс за четыре года своего пребывания в должности?,Губернатор Техаса Лоуренс Салливан Росс помиловал 150 человек за время своего пребывания на посту губернатора с 1891 по 1895 год.,0.8636363636363636,0.7361160717409166,0.8636363636363636,True,v5_bayesian_blind_rescue,unchanged
Кто в 1175 году возглавлял большую валлийскую делегацию на совете Генриха II в Глостере?,"В 1175 году большую валлийскую делегацию на совете Генриха II в Глостере возглавлял Грифид ап Рис, правитель Гвинеда.",0.8571428571428571,0.752014619806937,0.8571428571428571,True,v5_bayesian_blind_rescue,unchanged
"Как называются объекты, зная период пульсаций которых, можно определить их светимость и использовать как стандартные свечи для измерения расстояния до галактик?","Объекты, которые используются в качестве стандартных свечей для измерения расстояний до галактик на основе периода их пульсаций, называются **цефеидами** или переменными звездами типа RR Lyrae.",0.05,0.17490967289825243,0.05,False,v5_bayesian_blind_rescue,unchanged
В каком году Энн Бронте опубликовала роман «Незнакомка из Уайлдфелл-Холла»?,Роман «Незнакомка из Уайлдфелл-Холла» был опубликован в 1848 году.,0.05,0.17384745598586193,0.05,False,v5_bayesian_blind_rescue,unchanged
"Как называлась песня группы «Наутилус Помпилиус» на пластинке альбома «Князь тишины», которая первоначально называлась «Последнее письмо»?","Песня, которая изначально называлась «Последнее письмо», была выпущена в альбоме «Князь тишины». В этом альбоме она получила название «Я хочу быть как все».",0.8725490196078431,0.7590885213561466,0.8725490196078431,True,v5_bayesian_blind_rescue,unchanged
Кто стал первым выпускником очной докторантуры Военного института радиоэлектроники?,"Первым выпускником очной докторантуры Военного института радиоэлектроники стал доктор технических наук, профессор Владимир Николаевич Гапонов.",0.8725490196078431,0.777366002921757,0.8725490196078431,True,v5_bayesian_blind_rescue,unchanged
Кем был свергнут Ромул Август 4 сентября 476 года?,"Ромул Август был свергнут Одоакром, вождем германских наемников в Западной Римской империи.",0.09375,0.19922608898002048,0.09375,False,v5_bayesian_blind_rescue,unchanged
Кто был назначен скульптором для создания Мемориала Королевской артиллерии в начале 1921 года?,В начале 1921 года скульптором для создания Мемориала Королевской артиллерии был назначен сэр Эдвард Джеймс Локе (Sir Edward James Larke).,0.9357142857142857,0.7872457922174233,0.9357142857142857,True,v5_bayesian_blind_rescue,unchanged
"Кто является автором пьесы «Весна в январе», на которой основан фильм «Андерграунд»?",Автором пьесы «Весна в январе» является сербский драматург и писатель Душан Ковачевич.,0.6461538461538462,0.6875944814773107,0.6461538461538462,True,v5_bayesian_blind_rescue,unchanged
Какой городской аэропорт был детально воссоздан в качестве достопримечательности в игре серии Midnight Club?,В игре серии Midnight Club в качестве одной из достопримечательностей был воссоздан аэропорт Лос-Анджелеса (LAX).,0.7142857142857143,0.6526573562296728,0.7142857142857143,True,v5_bayesian_blind_rescue,unchanged
"Куда высадился Шехзаде Яхья в 1639 году, узнав о заговоре своих греческих спутников?","В 1639 году Шехзаде Яхья высадился на острове Лесбос, чтобы избежать участия в заговоре своих греческих спутников.",0.8490566037735849,0.6974041721228668,0.8490566037735849,True,v5_bayesian_blind_rescue,unchanged
В каком году состоялся выпуск переиздания альбома Майкла Джексона «Bad 25»?,Альбом Майкла Джексона «Bad 25» был выпущен в 2012 году.,0.05,0.18020388166302037,0.05,False,v5_bayesian_blind_rescue,unchanged
"Какой журнал назвал альбом Майкла Джексона «Dangerous» триумфальным, отметив, что он не скрывает страхов и противоречий жизни, проведённой в центре внимания?","Журнал Rolling Stone назвал альбом Майкла Джексона «Dangerous» триумфальным, отметив, что он не скрывает страхов и противоречий жизни, проведённой в центре внимания.",0.95,0.7924811635195481,0.95,True,v5_bayesian_blind_rescue,unchanged
С кем совместно Сэмюэл Абрахам Гаудсмит совершил открытие спина электрона?,Сэмюэл Абрахам Гаудсмит совместно с Джорджем Юджином Уленбеком совершили открытие спина электрона в 1925 году.,0.28846153846153844,0.2304280280999765,0.28846153846153844,False,v5_bayesian_blind_rescue,unchanged
Какой предельный радиус (расстояние до школы) в верстах принимался в плотно населённых губерниях центральной России при построении школьных сетей в рамках программы Земской школы?,"В рамках программы ""Земская школа"" в России был установлен предельный радиус (расстояние до школы) в 3 версты для плотно населённых губерний Центральной России.",0.8725490196078431,0.728625732989444,0.8725490196078431,True,v5_bayesian_blind_rescue,unchanged
"Какое количество сантиметров составляла длина затылочно-теменной раны цесаревича Николая, полученной во время Инцидента в Оцу?","Длина затылочно-теменной раны цесаревича Николая, полученной во время инцидента в Оцу, составляла 10 см.",0.8725490196078431,0.7341519583827644,0.8725490196078431,True,v5_bayesian_blind_rescue,unchanged
Какое пророчество получил Александр I Эпирский в храме Зевса в Додоне перед своим походом в Италию?,"Александр I Эпирский получил пророчество о том, что он станет царем Македонии и будет править долго и счастливо. Это пророчество было получено им в храме Зевса в Додоне перед его походом в Италию.",0.6461538461538462,0.6340535230210359,0.6461538461538462,True,v5_bayesian_blind_rescue,unchanged
В каком году состоялась свадьба дочери Генриха I Матильды и императора Священной Римской империи Генриха V?,Свадьба дочери английского короля Генриха I Матильды и императора Священной Римской империи Генриха V состоялась в 1114 году.,0.28846153846153844,0.23051384572692543,0.28846153846153844,False,v5_bayesian_blind_rescue,unchanged
Кто был первым самарским воеводой и основателем крепости Самара?,Первым самарским воеводой и основателем крепости Самара был князь Василий Андреевич Серкизов. Он был назначен на эту должность в 1586 году по указу царя Фёдора Иоанновича.,0.8571428571428571,0.7369861208106583,0.8571428571428571,True,v5_bayesian_blind_rescue,unchanged
"Какого животного первым описал Пьер Белон, увидев его тушку на рынках Константинополя?","Пьер Белон первым описал животное, которое он увидел в виде тушки на рынках Константинополя. Это был **крокодил**.",0.43902439024390244,0.639490789340163,0.43902439024390244,False,v5_bayesian_blind_rescue,unchanged
Какая дата отмечается в настоящее время в Сукабуми как день основания города?,"В настоящее время в городе Сукабуми, Индонезия, отмечается 10 ноября как День основания города.",0.8725490196078431,0.7305485981591836,0.8725490196078431,True,v5_bayesian_blind_rescue,unchanged
Кто написал саундтрек к мультфильму «Земля до начала времён»?,Саундтрек к мультфильму «Земля до начала времён» был написан композитором Джеймсом Хорнером.,0.05,0.18202100929443885,0.05,False,v5_bayesian_blind_rescue,unchanged
В какой стране Browning M1918 оставался на вооружении Национальной гвардии с 1930-х годов до победы Сандинистской революции летом 1979 года?,Browning M1918 оставался на вооружении Национальной гвардии Никарагуа с 1930-х годов до победы Сандинистской революции в июле 1979 года.,0.28846153846153844,0.20409601237638478,0.28846153846153844,False,v5_bayesian_blind_rescue,unchanged
Кто в 357 году до н. э. возглавил пятитысячную армию и без боя занял Сиракузы?,В 357 году до н. э. армия под командованием Дионисия Старшего заняла Сиракузы без боя.,0.8636363636363636,0.7545904100376216,0.8636363636363636,True,v5_bayesian_blind_rescue,unchanged
С кем из правителей Вифинии Митридат VI заключил альянс во время своей тайной поездки в 109—108 годах до н. э.?,Во время своего тайного путешествия в 109—108 годах до н. э. Митридат VI заключил союз с царём Каппадокии Ариаратом VI.,0.8636363636363636,0.7419855821476166,0.8636363636363636,True,v5_bayesian_blind_rescue,unchanged
"Как называется змей в германо-скандинавской мифологии, который опоясывает Землю и укусил себя за хвост?","Змей в германо-скандинавской мифологии, который опоясывает Землю и кусает себя за хвост, называется Ёрмунганд или Мировой Змей. Он является одним из детей Локи и великанши Ангрбоды. Ёрмунганд был настолько огромен, что его невозможно было измерить, и он обвился вокруг Земли, держа её в своих объятиях. В конце концов, во время Рагнарёка (гибели богов), Ёрмунганд выйдет из моря и сразится с богом Тором, убив друг друга.",0.05261840316949277,0.18305038896427794,0.05261840316949277,False,v5_bayesian_blind_rescue,unchanged
В каком году был пущен первый гидроагрегат Ульбинской ГЭС?,Первый гидроагрегат Ульбинской ГЭС был пущен в 1960 году.,0.9357142857142857,0.7836495014251152,0.9357142857142857,True,v5_bayesian_blind_rescue,unchanged
"Какой концептуальный текст Фрэнсиса Фукуямы редактор журнала Policy Review назвал «каноническим текстом» для молодых неоконсерваторов, повлиявшим на внешнеполитический курс Джорджа Буша-мл.?","Концептуальный текст Фрэнсиса Фукуямы, который редактор журнала Policy Review назвал «каноническим текстом» для молодых неоконсерваторов и который повлиял на внешнеполитический курс Джорджа Буша-младшего, называется «Конец истории».",0.05,0.17251256528542314,0.05,False,v5_bayesian_blind_rescue,blind_recall_rescue_fp
В каком году состоялся релиз альбома «Морская» группы «Мумий Тролль» в России?,Альбом «Морская» группы «Мумий Тролль» был выпущен в России в 1997 году.,0.9357142857142857,0.7833370102485051,0.9357142857142857,True,v5_bayesian_blind_rescue,unchanged
Кто был назначен правительством Азербайджана генерал-губернатором Карабаха и Зангезура в январе 1919 года?,В январе 1919 года правительство Азербайджанской Демократической Республики назначило **Али Мамед беком Гулиевым** на должность генерал-губернатора Карабаха и Зангезура.,0.9357142857142857,0.7927738888798808,0.9357142857142857,True,v5_bayesian_blind_rescue,unchanged
Кто был доставлен на собрание на кладбище Сент-Уан 26 февраля под угрозой разграбления дома и убийства семьи?,"На собрании в Сент-Уане 26 февраля 1793 года были доставлены члены королевской семьи: король Людовик XVI, его жена Мария-Антуанетта и их дети Луи-Шарль и Мария-Тереза.",0.7142857142857143,0.6961647102953222,0.7142857142857143,True,v5_bayesian_blind_rescue,unchanged
Сколько качественно различных слоёв реального бытия выделяет Николай Гартман?,"Николай Гартман в своей философии выделял четыре качественно различных слоя реального бытия:

1. **Физический слой** — это мир объектов и явлений, которые воспринимаются нашими органами чувств. В этом слое существуют физические объекты, такие как камни, деревья, животные и т.д.

2. **Психологический слой** — здесь находятся психические процессы и состояния человека, включая мысли, чувства, желания и воспоминания. Этот слой включает в себя внутренний мир человека.

3. **Социальный слой** — этот слой охватывает общественные структуры и отношения между людьми. Здесь можно найти институты, законы, традиции и культурные нормы.

4. **Нравственный слой** — последний из четырёх слоев, который связан с моральными ценностями и этическими принципами. Он включает в себя понятия добра и зла, справедливости и несправедливости.

Эти слои представляют собой иерархическую структуру реальности, где каждый последующий слой является более сложным и фундаментальным по сравнению с предыдущим.",0.8490566037735849,0.6920776071494174,0.8490566037735849,True,v5_bayesian_blind_rescue,unchanged
В каком году в письме сестре Агнес впервые упоминается персонаж Иуда Бен-Гур?,Персонаж Иуда Бен-Гур впервые упоминается в письме сестре Агнес в 1874 году.,0.95,0.7894405096382892,0.95,True,v5_bayesian_blind_rescue,unchanged
Когда Конгресс США утвердил строительство линейных кораблей «Флорида» и «Юта»?,Конгресс США утвердил строительство линейных кораблей «Флорида» и «Юта» в 1908 году.,0.28846153846153844,0.2501800524903821,0.28846153846153844,False,v5_bayesian_blind_rescue,unchanged
"Кто был первым монархом, коронованным в Кафедральном соборе Палермо в качестве правителя Сицилийского королевства 25 декабря 1130 года?","Первым монархом, коронованным в Кафедральном соборе Палермо в качестве правителя Сицилийского королевства 25 декабря 1130 года, был Рожер II.",0.05263157894736842,0.19987822632982985,0.05263157894736842,False,v5_bayesian_blind_rescue,unchanged
"Какой музыкальный коллектив выпустил в 2018 году альбом, посвящённый музыкальной истории Сиэтла, в котором заглавная песня «Rainier Fog» содержала строки, посвящённые Лейну Стейли и Майку Старру?","В 2018 году американский рок-коллектив Alice in Chains выпустил альбом под названием ""Black Gives Way to Sky"". Этот альбом был посвящен музыкальной истории Сиэтла и включал песню ""Rainier Fog"", которая содержит строки, посвященные покойному вокалисту группы Layne Staley и гитаристу Mike Starr.",0.95,0.7813628368002709,0.95,True,v5_bayesian_blind_rescue,unchanged
В 1999 году журнал Time поставил Пикачу на какое место в своём списке «Лучших людей года»?,"Пикачу занял **2-е** место в списке журнала Time ""Лучшие люди года"" в 1999 году.",0.9357142857142857,0.7633880337743655,0.9357142857142857,True,v5_bayesian_blind_rescue,unchanged
"Кем был спроектирован мемориал-некрополь сражавшихся и погибших сечевых стрельцов на горе Маковка, открытый в августе 1999 года?",Мемориал-некрополь на горе Маковка был спроектирован архитектором **Виталием Каминским**.,0.95,0.8157185994651818,0.95,True,v5_bayesian_blind_rescue,unchanged
Какую книгу Борис Дмитриевич Парыгин опубликовал в 1966 году в московском издательстве «Мысль»?,В 1966 году в московском издательстве «Мысль» Борис Дмитриевич Парыгин опубликовал книгу «Социальная психология как наука».,0.05,0.15415340642447992,0.05,False,v5_bayesian_blind_rescue,unchanged
Кто в начале марта 1378 года сопровождал Оттона Брауншвейгского в качестве представителя Джованны на конференцию в Сарцану?,В начале марта 1378 года в качестве представителя королевы Джованны на конференции в Сарцане сопровождали Оттона Брауншвейгского кардинал Николай Альбергати и кардинал Петр Фьески.,0.8636363636363636,0.759902128741166,0.8636363636363636,True,v5_bayesian_blind_rescue,unchanged
Кто в 1514 году предоставил Ричарду де ла Полю 12 тысяч ландскнехтов для вторжения в Англию?,В 1514 году Ричард де ла Поль получил от французского короля Людовика XII 12 тысяч ландскнехтов для вторжения в Англию.,0.05,0.16078300723199468,0.05,False,v5_bayesian_blind_rescue,blind_recall_rescue_fp
"В романе Стивена Кинга «Противостояние» вирус гриппа вырвался из секретной лаборатории Министерства обороны США, расположенной в пустыне Мохаве; в каком городе штата Техас автомобиль охранника Чарльза Кэмпиона, заражённого вирусом, врезался в автозаправку, что стало началом эпидемии?",Город — **Остин**.,0.28846153846153844,0.6111424550569386,0.28846153846153844,False,v5_bayesian_blind_rescue,unchanged
Какой законодательный акт от 16 июня 1870 года стал основным документом Городской реформы Александра II?,"Основным документом Городской реформы Александра II стал «Городовое положение» от 16 июня 1870 года. Этот закон установил новую систему городского самоуправления в Российской империи и определил порядок выборов в городские органы власти, а также их полномочия и обязанности.",0.28846153846153844,0.22751475483421835,0.28846153846153844,False,v5_bayesian_blind_rescue,unchanged
В каком году вышла книга Джона Бормана «Rotfigurige Vasen aus Athen. Die klassische Zeit. Ein Handbuch»?,Книга Джона Бормана «Rotfigurige Vasen aus Athen. Die klassische Zeit. Ein Handbuch» была опубликована в 1985 году.,0.9357142857142857,0.7773646339919953,0.9357142857142857,True,v5_bayesian_blind_rescue,unchanged
Какой зоолог описал фламинго Джеймса в 1886 году?,Фламинго Джеймса был описан американским орнитологом и зоологом Фрэнком Миллзом Бейкером в 1886 году.,0.28846153846153844,0.2344442655433883,0.28846153846153844,False,v5_bayesian_blind_rescue,unchanged
"Как называется действительная часть комплексного показателя преломления, которая связана с фазовой скоростью электромагнитной волны?","Действительная часть комплексного показателя преломления, связанная с фазовой скоростью электромагнитной волны, называется **показателем преломления**.",0.09375,0.19299951551343555,0.09375,False,v5_bayesian_blind_rescue,unchanged
Кто из вратарей был назначен основным в сборной Германии по футболу перед чемпионатом мира 2006 года?,Перед Чемпионатом мира 2006 года основной вратарь сборной Германии по футболу был Мануэль Нойер.,0.9357142857142857,0.7957729978190601,0.9357142857142857,True,v5_bayesian_blind_rescue,unchanged
Кому был подарен первый отчеканенный доллар Лафайета в футляре?,Первый отчеканенный доллар Лафайета был подарен Джорджу Вашингтону.,0.28846153846153844,0.6213841620902086,0.28846153846153844,False,v5_bayesian_blind_rescue,unchanged
"Кто был выслан из Дании в 1768 году по настоянию Холька, лишив королеву Каролину Матильду Великобританскую единственного близкого человека при дворе?","В 1768 году из Дании был выслан английский врач и друг королевы Каролины Матильды, Джон Стюарт, граф Бьюкенен. Он был близок к королеве и имел большое влияние на неё, что вызывало недовольство короля Кристиана VII и его фаворита Фридриха фон Холька. В результате давления со стороны Холька король приказал выслать Стюарта из страны, что стало большим ударом для Каролины Матильды, которая потеряла своего единственного близкого человека при дворе.",0.9166666666666666,0.7814524427948301,0.9166666666666666,True,v5_bayesian_blind_rescue,unchanged
"Кого в басне Дениса Давыдова «Орлица, Турухтан и Тетерев» 1804 года под именем турухтана подразумевается император Павел I?","В басне Дениса Давыдова «Орлица, Турухтан и Тетерев», написанной в 1804 году, под именем Турухтана подразумевается император Павел I.",0.8490566037735849,0.6859679899845439,0.8490566037735849,True,v5_bayesian_blind_rescue,unchanged
Сколько миллионов человек перевез трамвай в Набережных Челнах в 2005 году?,В 2005 году трамвай в Набережных Челнах перевёз около **14 миллионов пассажиров**.,0.95,0.7946251515087188,0.95,True,v5_bayesian_blind_rescue,unchanged
В каком городе группа Slayer записала альбом «God Hates Us All»?,"Альбом группы Slayer ""God Hates Us All"" был записан в городе Сан-Франциско, штат Калифорния, США.",0.32598325545953644,0.6262909903302113,0.32598325545953644,False,v5_bayesian_blind_rescue,unchanged
Когда состоялся анонс игры Marvel vs. Capcom 3: Fate of Two Worlds?,"Анонс игры ""Marvel vs. Capcom 3: Fate of Two Worlds"" состоялся 21 февраля 2010 года на выставке Electronic Entertainment Expo (E3).",0.09375,0.19091279227449345,0.09375,False,v5_bayesian_blind_rescue,unchanged
Кто был признан официальным первооткрывателем Северного полюса постановлением Конгресса США?,"Официальным первооткрывателем Северного полюса считается Роберт Пири, который достиг его 6 апреля 1909 года. Однако это достижение было признано только в 2013 году, когда Конгресс США официально признал Роберта Пири первым человеком, достигшим Северного полюса.",0.8490566037735849,0.7069290526655349,0.8490566037735849,True,v5_bayesian_blind_rescue,unchanged
"Какой генеральный план Минска от 1982 года подтвердил, что водно-зелёная система является основой системы зелёных насаждений в городе?","Генеральный план Минска от 1982 года подтвердил, что водно-зелёная система является основой системы зелёных насаждений в городе.",0.09375,0.17393424324163997,0.09375,False,v5_bayesian_blind_rescue,unchanged
Сколько человек было в распоряжении Алексея Стратигопула при отвоевании Константинополя у крестоносцев в 1261 году?,"Алексей Стратигопул был византийским полководцем и одним из ключевых фигур в освобождении Константинополя от власти Латинской империи в 1261 году. Согласно историческим источникам, он командовал небольшим отрядом, который состоял примерно из 700 воинов. Этот небольшой, но хорошо обученный и мотивированный отряд смог застать врасплох латинские гарнизоны и захватить город, что привело к восстановлению Византийской империи на несколько десятилетий.",0.8490566037735849,0.6944697379167234,0.8490566037735849,True,v5_bayesian_blind_rescue,unchanged
Кто признал зависимость от Османской империи в 1389 году или летом 1390 года?,В 1389 году Сербия признала себя вассалом Османской империи после поражения в битве на Косовом поле. Летом 1390 года сербский князь Стефан Лазаревич подтвердил свою зависимость от османского султана Баязида I.,0.28846153846153844,0.22598973292727156,0.28846153846153844,False,v5_bayesian_blind_rescue,unchanged
Сколько обрядов экзорцизма было совершено над Аннелизой Михель за 10 месяцев?,За 10 месяцев над Аннелизой Михель было проведено около 70 обрядов экзорцизма.,0.8725490196078431,0.7578871976779652,0.8725490196078431,True,v5_bayesian_blind_rescue,unchanged
"Когда Патрик Генри произнёс свою знаменитую речь с призывом «Да будет война!», ставшей одной из самых известных в американской истории?",Патрик Генри произнес свою знаменитую речь «Да будет война!» 23 марта 1775 года на собрании Вирджинской конвенции в Уильямсбурге. В этой речи он призывал колонистов к вооруженному сопротивлению против Великобритании и подготовке к войне за независимость.,0.28846153846153844,0.34092702713946327,0.28846153846153844,False,v5_bayesian_blind_rescue,unchanged
Кто провозгласил себя кондукэтором в Румынии после разгрома «Железной Гвардии» в 1941 году?,"После разгрома «Железной гвардии» в Румынии в 1941 году, король Михай I провозгласил себя кондуктором (кондукатором). Это произошло 23 августа 1944 года, когда он сверг маршала Иона Антонеску и объявил о выходе Румынии из войны на стороне нацистской Германии.",0.8725490196078431,0.7771979363535958,0.8725490196078431,True,v5_bayesian_blind_rescue,unchanged
Кто первым сообщил MC Вспышкину о гибели Дмитрия Чекова (Никифоровны)?,"В сериале «Кухня» Дмитрий Чеков (в исполнении Сергея Желтикова) погиб в результате несчастного случая на кухне ресторана «Victoria». Первым, кто сообщил об этом главному повару Виктору Баринову (Дмитрий Назаров), был его помощник и друг Максим (Артур Ваха).",0.8529385683892893,0.7204801783197775,0.8529385683892893,True,v5_bayesian_blind_rescue,unchanged
Когда в Plants vs. Zombies: Garden Warfare была официально анонсирована на E3?,Официальная презентация игры Plants vs. Zombies: Garden Warfare состоялась на выставке Electronic Entertainment Expo (E3) в 2014 году.,0.8725490196078431,0.7509416982112924,0.8725490196078431,True,v5_bayesian_blind_rescue,unchanged
"Кто стал первым игроком в составе ЦСКА, сыгравшим 50-й матч в Лиге чемпионов?","Первым игроком в составе ЦСКА, который сыграл 50 матчей в Лиге чемпионов, стал бразильский защитник Даниэль Карвалью. Он провел свой 50-й матч в турнире против «Баварии» в рамках группового этапа Лиги чемпионов сезона 2017/2018.",0.9357142857142857,0.7870288210834212,0.9357142857142857,True,v5_bayesian_blind_rescue,unchanged
"Какой мех среди млекопитающих обладает самой высокой теплоизоляцией, согласно описанию песца?","Согласно описанию, самым теплым мехом среди млекопитающих является мех песца.",0.43902439024390244,0.6273339125541905,0.43902439024390244,False,v5_bayesian_blind_rescue,unchanged
В каком году Иван Антонович Ефремов руководил первой из трёх палеонтологических экспедиций в Монголию?,Иван Антонович Ефремов руководил первой из трёх палеонтологических экспедиций в Монголию в 1946 году.,0.9357142857142857,0.7877247746695918,0.9357142857142857,True,v5_bayesian_blind_rescue,unchanged
Какую высшую военную награду Румынии получил Михаил Жебрак-Русанович за боевые отличия у деревни Перлита?,Михаил Жебрак-Русанович был удостоен высшей военной награды Румынии - Ордена Михая Храброго 1-й степени за боевые отличия у деревни Перлита.,0.8571428571428571,0.7346549690684476,0.8571428571428571,True,v5_bayesian_blind_rescue,unchanged
Кто возглавил отряд для обороны Карфагена во время сражения с войсками Капелиана?,"Во время битвы при Тапсе в 46 году до н. э., когда войска Юлия Цезаря столкнулись с армией под командованием Квинта Сития Капелиана, оборону города Карфаген возглавили два полководца — Гасдрубал и Ганнибал.",0.8571428571428571,0.7339978764040674,0.8571428571428571,True,v5_bayesian_blind_rescue,unchanged
Какова наблюдаемая температура термосферы Юпитера?,Наблюдаемая температура термосферы Юпитера составляет примерно 1000 Кельвинов (около 726 градусов Цельсия).,0.28846153846153844,0.2758396962197626,0.28846153846153844,False,v5_bayesian_blind_rescue,unchanged
"Кому из писателей картина Николая Ге «Распятие» (1894) снилась до того, как он увидел её в мастерской Саввы Мамонтова в Москве?","Картина Николая Ге «Распятие», написанная в 1894 году, произвела сильное впечатление на Льва Толстого. Толстой был глубоко тронут этой работой и даже говорил, что она ему приснилась. Он считал, что Ге удалось передать не только физическую боль Христа, но и его духовное страдание.",0.05,0.17550783695666403,0.05,False,v5_bayesian_blind_rescue,unchanged
Какое прозвище получила спортивная пресса Тадеуш Петшиковский в начале его боксёрской карьеры?,В начале своей боксёрской карьеры Тадеуш Петшиковский получил прозвище «Польский тигр».,0.43902439024390244,0.6259266533915583,0.43902439024390244,False,v5_bayesian_blind_rescue,unchanged
"В каком году повесть «Чингиз-хан», входящая в трилогию «Нашествие монголов» Василия Яна, была впервые опубликована?",Повесть «Чингиз-хан» была впервые опубликована в 1939 году.,0.9357142857142857,0.788359920998948,0.9357142857142857,True,v5_bayesian_blind_rescue,unchanged
"Кто ввёл прямоугольную систему координат, описанную в работе «Геометрия», опубликованной в 1637 году?","Прямоугольная система координат была введена Рене Декартом в его работе «Геометрия» («La Géométrie»), опубликованной в 1637 году. Эта работа стала одним из фундаментальных текстов по аналитической геометрии и оказала огромное влияние на развитие математики.",0.05,0.15273900305062227,0.05,False,v5_bayesian_blind_rescue,unchanged
Какую сертификацию получил сингл «Pumped Up Kicks» в США по версии RIAA?,Сингл «Pumped Up Kicks» получил платиновую сертификацию от RIAA в США.,0.28846153846153844,0.6234575739510134,0.28846153846153844,False,v5_bayesian_blind_rescue,unchanged
В каком году Питер Крауч объявил о завершении своей футбольной карьеры?,Питер Крауч объявил о завершении своей футбольной карьеры в 2019 году.,0.95,0.7922202841046099,0.95,True,v5_bayesian_blind_rescue,unchanged
Кто стал президентом Мексики после смерти Бенито Хуареса в 1872 году?,После смерти Бенито Хуареса в 1872 году президентом Мексики стал Себастьян Лердо де Техада.,0.28846153846153844,0.6272168872702175,0.28846153846153844,False,v5_bayesian_blind_rescue,evidence_refuted_boost_fn
"Какой историк предложил точную датировку Битвы при Мириокефале, изучив хронику Псевдо-Кодина?","Историк, предложивший точную датировку битвы при Мириокефале, изучив хронику Псевдо-Кодина, — это Георгий Острогорский.",0.95,0.7792086835008947,0.95,True,v5_bayesian_blind_rescue,unchanged
Кто вместе с Богданом Рыбчуком и Василием Яшаном посетил Львов с деловым визитом 25 июля 1941 года?,С Богданом Рыбчуком и Василием Яшаном во Львов в июле 1941 года прибыл представитель Центрального комитета Коммунистической партии Украины (ЦК КП(б)У) **Дмитрий Мануильский**.,0.9357142857142857,0.7908599342498555,0.9357142857142857,True,v5_bayesian_blind_rescue,unchanged
Кто был назначен на место Федора фон Бока после его освобождения от командования по состоянию здоровья?,"После того как Федор фон Бок был освобожден от командования группой армий «Север» в 1942 году из-за проблем со здоровьем, его место занял генерал-полковник Вильгельм Риттер фон Лееб.",0.05,0.1941235231247024,0.05,False,v5_bayesian_blind_rescue,unchanged
"Кто сформулировал закон, согласно которому тела с одинаковыми электрическими зарядами отталкиваются друг от друга?","Закон, согласно которому тела с одинаковыми электрическими зарядами отталкиваются друг от друга, был сформулирован французским физиком Шарлем-Огюстеном де Кулоном в 1785 году. Этот закон известен как закон Кулона и описывает силу взаимодействия между двумя точечными электрическими зарядами.",0.28846153846153844,0.2623286038359975,0.28846153846153844,False,v5_bayesian_blind_rescue,unchanged
Какое издание в своей рецензии на мультфильм «История игрушек 2» назвало его насыщенным и отметило малое количество однообразия?,В своей рецензии на мультфильм «История игрушек 2» издание Variety назвало его насыщенным и отметило малое количество однообразия.,0.05,0.15739063622238528,0.05,False,v5_bayesian_blind_rescue,unchanged
Сколько индонезийских солдат открыли огонь по демонстрантам во время массового убийства на кладбище Санта-Круш 12 ноября 1991 года?,Во время массового убийства на кладбище Санта-Круш 12 ноября 1991 года было открыто огнестрельное оружие против демонстрантов со стороны индонезийских солдат.,0.9357142857142857,0.7661724743949151,0.9357142857142857,True,v5_bayesian_blind_rescue,unchanged
В каком журнале впервые был опубликован роман Ивана Александровича Гончарова «Обрыв» в 1869 году?,Роман Ивана Александровича Гончарова «Обрыв» был впервые опубликован в журнале «Вестник Европы».,0.28846153846153844,0.2663776801838016,0.28846153846153844,False,v5_bayesian_blind_rescue,unchanged
Какую награду получил временный подполковник авиации Хьюи Идвал Эдвардс за атаку на вражеский корабль близ голландского побережья в июне 1941 года?,Временный подполковник авиации Хьюи Идвал Эдвардс был награжден Крестом летных заслуг (Distinguished Flying Cross) за свою атаку на вражеский корабль у голландского побережья в июне 1941 года.,0.05,0.17231366445000398,0.05,False,v5_bayesian_blind_rescue,unchanged
"Какое животное является самым крупным современным животным и самым тяжёлым из всех животных, когда-либо существовавших на Земле?","Самым крупным современным животным и самым тяжёлым из всех животных, когда-либо существовавших на Земле, является синий кит.",0.28846153846153844,0.21875873383775699,0.28846153846153844,False,v5_bayesian_blind_rescue,unchanged
"Кто был учителем риторики, у которого в молодости учился философ Антисфен?","Риторикой в Древней Греции занимались многие ораторы и учителя красноречия. Однако, если говорить именно об учителе философии Антисфена, то им был Горгий из Леонтин.",0.95,0.8151209285508072,0.95,True,v5_bayesian_blind_rescue,unchanged
"Кто совместно с Томасом Ризли был военным инженером и автором плана обороны Солента, Портсмута и Саутгемптона при Генрихе VIII?","Совместно с Томасом Ризли план обороны Солента, Портсмута и Саутгемптона при Генрихе VIII разрабатывал Уильям Гардинер.",0.9357142857142857,0.7839458874196109,0.9357142857142857,True,v5_bayesian_blind_rescue,unchanged
Какой альбом группы The Libertines в 2002 году критики называли британским ответом диску The Strokes?,В 2002 году критики назвали дебютный альбом британской инди-группы The Libertines «British Answer To The Strokes». Этот альбом называется «Up the Bracket» и был выпущен в том же году.,0.05,0.14350029717852017,0.05,False,v5_bayesian_blind_rescue,unchanged
В каком году Пётр Андреевич Смирнов вступил в финскую Красную гвардию?,Пётр Андреевич Смирнов вступил в финские Красные гвардии в 1918 году.,0.05,0.17874043300974463,0.05,False,v5_bayesian_blind_rescue,unchanged
"В каком фильме режиссёра Тони Скотта с Дэвидом Боуи и Катрин Денёв в главных ролях группа Bauhaus исполнила камео, играя песню «Bela Lugosi’s Dead»?","Фильм, о котором идёт речь, — это «Голод» («The Hunger»), снятый режиссёром Тони Скоттом в 1983 году. В этом фильме группа Bauhaus исполнила свою культовую песню «Bela Lugosi’s Dead», которая стала одним из символов готик-рока.",0.09375,0.1956760890582471,0.09375,False,v5_bayesian_blind_rescue,unchanged
Какую космическую миссию использовали для составления полной карты поверхности Венеры в 1997 году?,В 1997 году для составления полной карты поверхности Венеры использовалась космическая миссия Magellan.,0.05,0.1697270212022599,0.05,False,v5_bayesian_blind_rescue,unchanged
"Какой белок необходим для предотвращения некроптоза, зависимого от RIPK3?","Для предотвращения некроптоза, зависимого от RIPK3, необходимо наличие белка **MLKL** (Mixed Lineage Kinase Domain-Like protein). 

Некроптоз — это форма программируемой клеточной смерти, которая активируется при отсутствии сигнальных путей апоптоза и сопровождается воспалением. Этот процесс зависит от активации фермента RIPK1 (Receptor Interacting Protein Kinase 1), который в свою очередь активирует MLKL. Когда MLKL фосфорилируется RIPK1, он перемещается к плазматической мембране клетки и вызывает ее разрыв, что приводит к некроптозу.

Таким образом, белок MLKL является ключевым фактором в процессе некроптоза, и его активность регулируется через взаимодействие с RIPK1.",0.8571428571428571,0.6848224303377282,0.8571428571428571,True,v5_bayesian_blind_rescue,unchanged
В каком году альбом Pink Floyd «Atom Heart Mother» был впервые издан на компакт-диске?,"Альбом Pink Floyd ""Atom Heart Mother"" был впервые издан на компакт-диске в 1987 году.",0.9357142857142857,0.787668631663136,0.9357142857142857,True,v5_bayesian_blind_rescue,unchanged
"Кто выдал свою младшую дочь Мелхолу за Давида, требуя в качестве свадебного дара сто краеобрезаний филистимлян?","Саул, царь израильский, выдал свою младшую дочь Мелхолу замуж за Давида, требуя в качестве свадебного дара сто краеобрезаний филистимлян.",0.6461538461538462,0.6793727132884255,0.6461538461538462,True,v5_bayesian_blind_rescue,unchanged
Кто в римской мифологии ввёл культ аркадского Пана под именем Фавна и посвящённый ему праздник Луперкалии?,"В римской мифологии культ аркадского Пана был введён богом Пика под именем Фавн. Этот бог считался покровителем пастухов и стад животных. Он также ассоциировался с лесами и горами, а его имя происходит от латинского слова ""favere"", что означает ""быть благосклонным"". 

Праздник Луперкалии был одним из самых древних римских праздников, который отмечался 15 февраля. В этот день жрецы-пастухи приносили жертвы богу Фавну, чтобы обеспечить плодородие земли и скота.",0.8725490196078431,0.768291704845975,0.8725490196078431,True,v5_bayesian_blind_rescue,unchanged
Какой метод визуализации катетеров в левом предсердии при лечении фибрилляции предсердий ранее был единственным доступным хирургам?,Ранее единственным методом визуализации катетеров в левом предсердии при лечении фибрилляции предсердий была рентгеноскопия.,0.43902439024390244,0.6216548786681184,0.43902439024390244,False,v5_bayesian_blind_rescue,unchanged
Каким архитектурным ордером выполнены пилястры на фасадах каре Большого Гатчинского дворца?,"Пилястры на фасадах каре Большого Гатчинского дворца выполнены в стиле классицизма, который характеризуется строгими формами и симметрией.",0.6461538461538462,0.6643640183394836,0.6461538461538462,True,v5_bayesian_blind_rescue,unchanged
"Согласно условиям Сен-Жерменского мирного договора 1919 года, к какой стране отошёл Южный Тироль?",Южный Тироль был передан Италии по условиям Сен-Жерменского мирного договора 1919 года.,0.05,0.1569776176080426,0.05,False,v5_bayesian_blind_rescue,unchanged
Под какой маркой был принят на вооружение РККА трёхместный усовершенствованный вариант лёгкого танка Т-70?,Трёхместный усовершенствованный вариант лёгкого танка Т-70 был принят на вооружение РККА под маркой **Т-80**.,0.95,0.7830589195848169,0.95,True,v5_bayesian_blind_rescue,unchanged
Сколько 305-мм 50-калиберных орудий Mk.XI входило в состав основного вооружения линкора HMS Neptune (1909)?,В составе основного вооружения линкора HMS Neptune (1909) не было 305-мм 50-калиберных орудий Mk.XI.,0.8636363636363636,0.7407400987450868,0.8636363636363636,True,v5_bayesian_blind_rescue,unchanged
С каким белком впервые был описан белок CREBBP?,"Белок CREBBP был впервые описан как **CREB-связывающий белок** (Cyclic AMP Response Element Binding Protein). Этот белок участвует в транскрипции и взаимодействует с другими факторами транскрипции, регулируя экспрессию генов.",0.43902439024390244,0.6524461912787096,0.43902439024390244,False,v5_bayesian_blind_rescue,unchanged
"Что пили римлянки в больших количествах во время майского праздника в честь Благой богини, хотя на самом деле это было не молоко, а крепкое молодое вино?","Римлянки во время майского праздника в честь Благой богини пили не молоко, а крепкое молодое вино. Этот праздник был посвящен богине плодородия и женственности, поэтому женщины собирались вместе для празднования и возлияний.",0.38461538461538464,0.6320943204804739,0.38461538461538464,False,v5_bayesian_blind_rescue,unchanged
В честь какого традиционного для балканских мусульман кинжала с изогнутым клинком было названо 23-я добровольческая горнопехотная дивизия СС «Кама» (2-я хорватская)?,Название 23-й добровольческой горнопехотной дивизии СС «Кама» происходит от традиционного для балканских мусульман кинжала с изогнутым клинком — **камы**.,0.05,0.16474982198914825,0.05,False,v5_bayesian_blind_rescue,unchanged
В каких странах Европы до 2007 года ввозили расписного овсянкового кардинала?,"До 2007 года в некоторых странах Европы можно было встретить расписного овсянового кардинала. Этот вид птиц был завезен и акклиматизирован в нескольких европейских странах, включая Великобританию, Францию, Испанию и Италию. Однако с течением времени популяция этих птиц сократилась из-за различных факторов, таких как изменение климата, потеря среды обитания и конкуренция за ресурсы с местными видами птиц.",0.8725490196078431,0.7626421213134713,0.8725490196078431,True,v5_bayesian_blind_rescue,unchanged
Против какой команды Клаудио Писарро забил два гола в матче за сборную Перу 3 июля 2007 года на Кубке Америки 2007?,Клаудио Писарро забил два гола в матче за сборную Перу против сборной Боливии 3 июля 2007 года на Кубке Америки 2007.,0.9357142857142857,0.7656457759495341,0.9357142857142857,True,v5_bayesian_blind_rescue,unchanged
Какова главная функция герметичной оболочки (контейнмента) энергетических ядерных реакторов?,"Главная функция герметичной оболочки (контейнейма) энергетических ядерных реакторов заключается в обеспечении безопасности и предотвращении утечки радиоактивных материалов из активной зоны реактора в окружающую среду. Герметичная оболочка также служит для защиты персонала и окружающей среды от воздействия радиации, а также для предотвращения распространения пожара или взрыва внутри реакторного помещения.",0.09375,0.20623553438684009,0.09375,False,v5_bayesian_blind_rescue,unchanged
"Какую теорию предложил Анаксагор для объяснения того, каким образом из не-волоса мог возникнуть волос и мясо из не-мяса?","Анаксагор предложил теорию о том, что все вещи состоят из бесконечного множества мельчайших частиц, каждая из которых обладает свойством своей собственной сущности. Например, волосы состоят из частиц волоса, а мясо — из частиц мяса. Таким образом, если смешать эти частицы вместе, то можно получить различные комбинации, включая волосы и мясо.",0.05,0.15459516802164366,0.05,False,v5_bayesian_blind_rescue,unchanged
На каком итальянском телеканале был показан видеоклип на песню «Shared Creation» группы Garden of Delight?,Видеоклип на песню «Shared Creation» группы Garden of Delight был показан на итальянском телеканале Rai 2.,0.8636363636363636,0.7357968220426218,0.8636363636363636,True,v5_bayesian_blind_rescue,unchanged
Какое название озера Ван использовали ассирийцы в доурартский период?,Ассирийцы называли озеро Ван **Арарат**.,0.8490566037735849,0.6747982304337535,0.8490566037735849,True,v5_bayesian_blind_rescue,unchanged
Какой препарат повысил уровень белка рилина в эксперименте Fatemi et al. на крысах?,"В эксперименте Fatemi et al. на крысах препарат, который повышал уровень белка рилина, был **флуфеназин**.",0.8490566037735849,0.6613529071255507,0.8490566037735849,True,v5_bayesian_blind_rescue,unchanged
Какое название получил альбом Killing Machine группы Judas Priest для американского рынка?,Альбом Killing Machine группы Judas Priest для американского рынка был выпущен под названием Hell Bent for Leather.,0.09375,0.1722049756932974,0.09375,False,v5_bayesian_blind_rescue,blind_recall_rescue_fp
Какой симптом является наиболее ранним при хронической обструктивной болезни лёгких?,"## Наиболее ранний симптом хронической обструктивной болезни лёгких

Хроническая обструктивная болезнь лёгких (ХОБЛ) — это прогрессирующее заболевание дыхательных путей, которое характеризуется хроническим воспалением и сужением бронхов. Одним из самых ранних симптомов ХОБЛ является **кашель**. 

### Почему кашель считается первым признаком?

1. **Начальная стадия заболевания**:
   - На начальных этапах ХОБЛ пациенты часто отмечают появление кашля, который может быть сухим или с небольшим количеством мокроты. Этот кашель обычно усиливается в утренние часы после пробуждения.
   
2. **Связь с курением**:
   - У большинства пациентов развитие ХОБЛ связано с длительным курением. Курение вызывает раздражение слизистой оболочки бронхов, что приводит к появлению хронического кашля.

3. **Прогрессирование заболевания**:
   - По мере развития ХОБЛ кашель становится более выраженным и постоянным. Он сопровождается одышкой при физической нагрузку, которая со временем начинает проявляться даже в состоянии покоя.

4. **Диагностика**:
   - Для постановки диагноза ХОБЛ необходимо провести комплексное обследование, включающее спирометрию (измерение объёма лёгких), рентгенографию грудной клетки и другие методы исследования.

Таким образом, **кашель** является самым ранним",0.05,0.15703185976158454,0.05,False,v5_bayesian_blind_rescue,unchanged
"Какое звуковое эффект, напоминающий полоскание горла, используется в композиции «Ashes and Ghost» из саундтрека к игре Silent Hill 2?","В композиции ""Ashes and Ghost"" из саундтрека к игре Silent Hill 2 используется звук, который напоминает полоскание горла. Этот звук был создан с помощью вокала и обработан специальным образом, чтобы создать атмосферу страха и тревоги.",0.8725490196078431,0.7432659781915305,0.8725490196078431,True,v5_bayesian_blind_rescue,unchanged
Кто был главным проводником Василия Львовича Пушкина во время его путешествия в Париж?,Главным проводником Василия Львовича Пушкина во время его путешествия в Париж был его брат Александр Сергеевич Пушкин.,0.28846153846153844,0.6452767948280881,0.28846153846153844,False,v5_bayesian_blind_rescue,unchanged
Кто был действующим председателем правительства Республики Сербская Краина в изгнании до передачи Гаагскому трибуналу в 2002 году?,Действующим председателем Правительства Республики Сербская Краина в изгнании до передачи Гаагскому трибуналу в 2002 году был Милан Мартич.,0.9357142857142857,0.7922365434588917,0.9357142857142857,True,v5_bayesian_blind_rescue,unchanged
Когда был официально объявлен намерение Уинса Маккея создать мультфильм «Динозавр Герти»?,Уинс Маккей объявил о намерении создать мультфильм «Динозавр Герти» в 2019 году.,0.95,0.7932760923563378,0.95,True,v5_bayesian_blind_rescue,unchanged
Кто был учителем и отцом французского художника Жан-Франсуа де Ле Мотта?,Жан-Франсуа де Ле Мотт был учеником знаменитого французского живописца Франсуа Буше.,0.8490566037735849,0.7052642115610069,0.8490566037735849,True,v5_bayesian_blind_rescue,unchanged
Какой спектральный класс имеют самые молодые и достаточно массивные коричневые карлики возрастом в несколько миллионов лет и менее?,Самые молодые и достаточно массивные коричневые карлики возрастом в несколько миллионов лет и менее относятся к спектральным классам L и T.,0.6461538461538462,0.6397226526286112,0.6461538461538462,True,v5_bayesian_blind_rescue,unchanged
В каком году по распоряжению Петра I на южном побережье Ладожского озера был основан город Новая Ладога?,Город Новая Ладога был основан в 1704 году по распоряжению Петра I на южном побережье Ладожского озера.,0.8490566037735849,0.6931694379015684,0.8490566037735849,True,v5_bayesian_blind_rescue,unchanged
Кто продюсировал сольный альбом Майкла Джексона «Off the Wall»?,Продюсером альбома «Off the Wall» был Куинси Джонс.,0.05,0.19004209000739922,0.05,False,v5_bayesian_blind_rescue,unchanged
Какой футбольный клуб разработал стиль игры «Тики-така» под руководством Пепа Гвардиолы?,"Стиль игры «Тики-така», который стал известен благодаря его успешному применению в испанском футболе, был разработан и популяризирован клубом «Барселона» под руководством тренера Пепа Гвардиолы. Этот стиль характеризуется быстрым переходом от обороны к атаке, коротким пасом и высоким темпом игры.",0.05,0.159210448089296,0.05,False,v5_bayesian_blind_rescue,unchanged
В каком городе в 2016 году проходил конкурс кованых снежинок?,Конкурс кованых снежинок в 2016 году проходил в городе **Тверь**.,0.05,0.17448621942385126,0.05,False,v5_bayesian_blind_rescue,unchanged
"Кто, по мнению Л. Ллойда, был родоначальником рода Мортимеров?","По мнению Л. Ллойда, родоначальником рода Мортимеров был Уильям де Мортимер из Вигмора.",0.8571428571428571,0.747394085096219,0.8571428571428571,True,v5_bayesian_blind_rescue,unchanged
Кто в письме к Гая Требонию 46 года до н. э. назвал его отца «доблестнейшим гражданином»?,В письме к Гаю Требонию 46 года до н. э. Цицерон назвал его отца «доблестнейшим гражданином».,0.05,0.16271407597854048,0.05,False,v5_bayesian_blind_rescue,unchanged
В каком году в Болгарии была объявлена мобилизация после подписания документов о вступлении в войну?,"Болгария объявила всеобщую мобилизацию 14 октября 1915 года, через несколько дней после подписания соглашений о вступлении в войну на стороне Центральных держав.",0.8571428571428571,0.7217460644603622,0.8571428571428571,True,v5_bayesian_blind_rescue,evidence_year_delta_boost_fn
Какой скульптор создал горельеф с орденом «Победа» на торцевой стене станции метро «Семёновская»?,Горельеф с изображением ордена «Победа» на торцевой стене станции метро «Семёновская» был создан скульптором Сергеем Конёнковым.,0.95,0.7756599112480472,0.95,True,v5_bayesian_blind_rescue,unchanged
В каком городе в 2009 году был установлен мировой рекорд Гиннесса по исполнению санкиртанов Аннамачарьи коллективом из 160 тысяч человек?,"Мировой рекорд Гиннеса по исполнению санкиртан Аннымачарьи коллективом из 160 тысяч человек был установлен в городе Пури, Индия, в 2009 году.",0.95,0.8045263510068491,0.95,True,v5_bayesian_blind_rescue,unchanged
"Какой химический элемент начинает гореть в ядре голубого сверхгиганта ещё до того, как звезда достигает предела Хаяси?","Химический элемент, который начинает гореть в ядре голубого сверхгиганта ещё до того, как звезда достигает предела Хаяси, — это гелий.",0.05,0.15749708224527514,0.05,False,v5_bayesian_blind_rescue,blind_recall_rescue_fp
"В каком году в журнале «Дело» был опубликован критический фельетон П. Н. Ткачёва, посвящённый параллелизму судеб Анны Карениной и лошади Фру-Фру?","Критический фельетон П. Н. Ткачева, посвящённый параллельному развитию сюжетных линий романа Л.Н. Толстого «Анна Каренина», где автор сравнивает судьбу главной героини с судьбой её лошади Фру-Фру, был опубликован в 1875 году в журнале «Дело».",0.8571428571428571,0.7041332894027054,0.8571428571428571,True,v5_bayesian_blind_rescue,unchanged
Какую версию игры Puzzle Kingdoms критик критик Крейг Харрис назвал лучшей по сравнению с версией для Nintendo DS?,Критик Крейг Харрис назвал лучшей версией игры Puzzle Kingdoms версию для PlayStation 2.,0.8636363636363636,0.7410282908411463,0.8636363636363636,True,v5_bayesian_blind_rescue,unchanged
Какую награду получил Лука Модрич за выступление на Клубном чемпионате мира 2016 года?,Лука Модрич был признан лучшим игроком Клубного чемпионата мира по футболу 2016 года и получил награду «Золотой мяч» как лучший игрок турнира.,0.8725490196078431,0.7623111816929012,0.8725490196078431,True,v5_bayesian_blind_rescue,unchanged
"В каком журнале в марте 1887 года были опубликованы «Заметки о художественных выставках» Всеволода Гаршина, где он высоко оценил картину Поленова «Христос и грешница»?",«Заметки о художественных выставках» Всеволода Гаршина были опубликованы в журнале «Нувеллист».,0.9357142857142857,0.7826753303335362,0.9357142857142857,True,v5_bayesian_blind_rescue,unchanged
В каком году индонезийская редакция канала CNN провела опрос в социальных сетях о семи наиболее популярных гарнирах в составе наси-паданга?,Индонезийская редакция канала CNN провела опрос в социальных сетях о семи наиболее популярных гарнирах в составе наси-паданга в 2019 году.,0.9357142857142857,0.7772764348470433,0.9357142857142857,True,v5_bayesian_blind_rescue,unchanged
К какому веку Ю. В. Шевелёв относит процесс монофтонгизации дифтонгов со вторым элементом u в праславянском языке?,Ю. В. Шевелёв относит процесс монофтонгизации дифтонгов со вторым элементом **u** в праславянском языке к **V веку**.,0.43902439024390244,0.6358687145645838,0.43902439024390244,False,v5_bayesian_blind_rescue,unchanged
В каком матче за «Челси» Юрий Жирков провёл на поле все 120 минут и реализовал пенальти в серии послематчевых одиннадцатиметровых 2 декабря 2009 года?,Юрий Жирков сыграл все 120 минут и забил пенальти в серии послематчевых одиннадцатиметровых в матче против «Портсмута».,0.8725490196078431,0.7494232304761835,0.8725490196078431,True,v5_bayesian_blind_rescue,unchanged
Где была похоронена Мара Бранкович после своей смерти в 1487 году?,"Мара Бранкович была похоронена в монастыре Святого Георгия на горе Афон, Греция.",0.8490566037735849,0.6960141109144207,0.8490566037735849,True,v5_bayesian_blind_rescue,unchanged
Какая поломка привела к сходу с дистанции Porsche 914/6 GT под номером 46 на 24 часах Ле-Мана 1970 года?,На 24 часах Ле-Мана 1970 года Porsche 914/6 GT под номером 46 сошел с дистанции из-за поломки двигателя.,0.9357142857142857,0.7539891988225008,0.9357142857142857,True,v5_bayesian_blind_rescue,unchanged
С каким цветом Лана Дель Рей ассоциировала звучание альбома «Ultraviolence»?,Лана Дель Рей ассоциировала звучание своего альбома «Ultraviolence» с черным цветом.,0.6461538461538462,0.6621038408305578,0.6461538461538462,True,v5_bayesian_blind_rescue,unchanged
В честь какого праздника Станислав Геннадьевич Галактионов организовал в институте шуточную защиту диссертаций по «бородоведению»?,Станислав Геннадьевич Галактионов организовал в институте шуточную защиту диссертаций по «бородоведению» в честь Дня дурака — 1 апреля.,0.05,0.16841571334042313,0.05,False,v5_bayesian_blind_rescue,unchanged
"Какой город Ганнибал решил атаковать, чтобы отвлечь часть осадной армии с осады Капуи?","Ганнибал решил атаковать Рим, чтобы отвлечь часть осадной армии с осады Капуи.",0.07267223523173363,0.17118466659513643,0.07267223523173363,False,v5_bayesian_blind_rescue,unchanged
"Кто, согласно легенде, обещал пребывать в реке Гандаки как шалаграма?","Согласно индуистской традиции и мифологии, бог Вишну пообещал пребывать в реке Гандаки в форме камня-шалаграмы.",0.05,0.19146925370247306,0.05,False,v5_bayesian_blind_rescue,unchanged
В каком году ВВС СССР начали постепенно отказываться от пулемёта ШКАС в пользу более крупнокалиберных вариантов из-за увеличения бронирования самолётов?,ВВС СССР начали постепенно отказываться от пулемёта ШКАС в пользу более крупнокалиберных вариантов в 1930-х годах.,0.8571428571428571,0.718779098607455,0.8571428571428571,True,v5_bayesian_blind_rescue,unchanged
"Кто в тандеме Ильфа и Петрова выступал с речами на публичных мероприятиях, так как Илье Арнольдовичу была органически чужда общественная активность?",В тандеме Ильи Арнольдовича Ильфа и Евгения Петровича Петрова с речами на публичных мероприятиях выступал Евгений Петрович Петров. Илья Арнольдович Ильф был известен своей неприязнью к общественной деятельности и предпочитал оставаться в тени своего творческого сотрудничества с Петровым.,0.28846153846153844,0.23360853927539052,0.28846153846153844,False,v5_bayesian_blind_rescue,unchanged
За какую сумму в 1884 году Павел Третьяков приобрёл картину «Зима» художника Дубовского?,В 1884 году Павел Третьяков приобрел у художника Николая Дубовского картину «Зима» за 200 рублей.,0.9357142857142857,0.7807790536754663,0.9357142857142857,True,v5_bayesian_blind_rescue,unchanged
Какой район Нью-Йорка послужил образцом для создания Нью-Донг-Сити в игре Super Mario Odyssey?,"Район Нью-Йорка, который послужил образцом для создания Нью-Донг-Сити в игре Super Mario Odyssey, — это Манхэттен.",0.28846153846153844,0.20011261773717748,0.28846153846153844,False,v5_bayesian_blind_rescue,unchanged
Кто в 218 году до н. э. был избран консулом вопреки воле нобилитета?,"В 218 году до н. э. консулами были избраны Публий Корнелий Сципион и Тиберий Семпроний Лонг. Однако, несмотря на то что Сципион был избран консулом, он не получил поддержки от нобилитета, который предпочитал другого кандидата.",0.8571428571428571,0.7274342068971933,0.8571428571428571,True,v5_bayesian_blind_rescue,unchanged
Кто разработал алфавит на основе кириллицы для водского языка в 1930-е годы?,Алфавит на основе кириллицы для водского языка был разработан в 1930-х годах лингвистом и этнографом Василием Лехтоненом.,0.8636363636363636,0.7593399319815761,0.8636363636363636,True,v5_bayesian_blind_rescue,unchanged
Сколько фортов входило в состав укреплений Льежа во время Приграничного сражения 1914 года?,Во время Приграничного сражения 1914 года в составе укреплений Льежа входили 12 фортов.,0.28846153846153844,0.2126281997853141,0.28846153846153844,False,v5_bayesian_blind_rescue,unchanged
"С какой периодичностью на Кольцах Акатена проходит религиозный фестиваль, упомянутый в эпизодах телесериала «Доктор Кто» с участием Доктора и Клары Освальд?","В сериале «Доктор Кто», а именно в серии «Время на исходе», Доктор и Клара Освальд посещают религиозный фестиваль на планете Акатен. Этот фестиваль происходит каждые 500 лет.",0.8490566037735849,0.7126970899621702,0.8490566037735849,True,v5_bayesian_blind_rescue,unchanged
В каком произведении Руджеро Раймонди исполнил роль Скарпии в 2002 году в Токио?,Руджеро Раймонди исполнил роль Скарпии в опере Джузеппе Верди «Травиата» в 2002 году в Токио.,0.05,0.18038094814750547,0.05,False,v5_bayesian_blind_rescue,unchanged
На каком кинофестивале в 1980 году фильм Андрея Тарковского «Сталкер» получил Приз экуменического жюри?,Фильм Андрея Тарковского «Сталкер» был представлен на Каннском кинофестивале в 1980 году и получил Приз экуменического жюри.,0.05,0.16204423847282332,0.05,False,v5_bayesian_blind_rescue,unchanged
Кто был непосредственным начальником Валерия Асапова в Донбассе согласно информации контрразведки Службы безопасности Украины?,"На основании открытых источников и официальных заявлений Службы безопасности Украины (СБУ), Валерий Асапов не занимал должность начальника в Донбассе. Он был командиром 72-й механизированной бригады ВСУ, дислоцированной в районе города Авдеевка Донецкой области. 

Однако, по данным СБУ, Асапов был причастен к обстрелам мирных жителей Донбасса из запрещенного вооружения, включая реактивные системы залпового огня ""Град"". В результате этих обстрелов погибли мирные жители, в том числе дети. СБУ считает Асапова виновным в военных преступлениях и требует его привлечения к ответственности.",0.38461538461538464,0.6533657548721387,0.38461538461538464,False,v5_bayesian_blind_rescue,unchanged
Когда был закрыт проект «Венона»?,Проект «Венона» был официально закрыт в 1980 году.,0.9357142857142857,0.7736677488787689,0.9357142857142857,True,v5_bayesian_blind_rescue,unchanged
Кого Барсина родила от своего второго мужа Мемнона?,Барсина родила от своего второго мужа Мемнона сына по имени Арсиноя.,0.95,0.7960835997883321,0.95,True,v5_bayesian_blind_rescue,unchanged
В каком году императрица Екатерина II приобрела картину Якоба Йорданса «Сатир в гостях у крестьянина»?,Картина «Сатир в гостях у крестьянина» была приобретена Екатериной II в 1768 году.,0.9357142857142857,0.7832400921657423,0.9357142857142857,True,v5_bayesian_blind_rescue,unchanged
Какое прозвище получил район старого города Дюссельдорфа из-за большого количества баров?,"Район старого города Дюссельдорфа известен как «Кё» (Kö). Это прозвище он получил благодаря большому количеству баров и клубов, которые делают его популярным местом для ночной жизни.",0.6461538461538462,0.6322977662771718,0.6461538461538462,True,v5_bayesian_blind_rescue,unchanged
Какой штраф в грошах устанавливался львовским магистратом в 1387 году за игру в кости на деньги?,В 1387 году львовский магистрат установил штраф в 20 грошей за игру в кости на деньги.,0.8571428571428571,0.6853443414171064,0.8571428571428571,True,v5_bayesian_blind_rescue,unchanged
Кому Григорий Абрамович Клячкин прислал своего адвоката для защиты авторских прав?,"Григорий Абрамович Клячкин отправил своего адвоката для защиты авторских прав в 1970-х годах. Адвокат был направлен к Владимиру Высоцкому, чтобы защитить его авторские права на песни и стихи.",0.9357142857142857,0.7719158456640055,0.9357142857142857,True,v5_bayesian_blind_rescue,unchanged
В каком году подвид серой цапли A. c. monicae был выделен в отдельный подвид?,Подвид серой цапли **A. c. monicae** был выделен в отдельный подвид в 1975 году.,0.9166666666666666,0.7639331354073402,0.9166666666666666,True,v5_bayesian_blind_rescue,unchanged
Кто из игроков «Челси» в финале Лиги чемпионов УЕФА 2012 года сравнил вероятность выбора силы вместо техники при выполнении пенальти с временем его назначения?,"В финале Лиги чемпионов УЕФА 2012 года, когда «Челси» играл против « Бавария Мюнхен», Джон Терри сравнил вероятность выбора силы вместо техники при выполнении пенальти с временем его назначения.",0.9357142857142857,0.7946682848668886,0.9357142857142857,True,v5_bayesian_blind_rescue,unchanged
"Как зовут гибрид, которого родила обезьяна Руфь в романе Алексея Толстого «Оранго»?",В романе Алексея Толстого «Оранго» обезьяну по имени Руфь родила гибрида по имени Оранго.,0.09375,0.19942394744417383,0.09375,False,v5_bayesian_blind_rescue,unchanged
В каком году немецкий астроном Макс Вольф открыл астероид «Кеплер»?,Макс Вольф открыл астероид «Кеплер» в 1903 году.,0.28846153846153844,0.23847079880697394,0.28846153846153844,False,v5_bayesian_blind_rescue,unchanged
Как называется центральная часть триптиха «Бог Отец с поющими и музицирующими ангелами» на официальном сайте Королевского музея изящных искусств?,Центральная часть триптиха «Бог Отец с поющими и музицирующими ангелами» называется «Бог Отец».,0.05,0.16944004123168632,0.05,False,v5_bayesian_blind_rescue,blind_recall_rescue_fp
Где и когда было подписано Англо-эфиопское соглашение 1944 года?,"Англо-эфиопское соглашение 1944 года было подписано в Аддис-Абебе, столице Эфиопии, 23 декабря 1944 года.",0.05,0.16811312100021727,0.05,False,v5_bayesian_blind_rescue,unchanged
Как филолог Владислав Зайцев оценил художественное воплощение философской и народно-поэтической символики в песне Булата Окуджавы «Грузинская песня»?,"Филолог Владислав Зайцев дал высокую оценку художественному воплощению философской и народно-поэтической символики в песне Булата Окуджавы «Грузинская песня». Он отметил, что Окуджава сумел создать произведение, которое не только отражает глубокие философские идеи, но и использует богатую народную символику, делая песню доступной и понятной для широкой аудитории. По мнению Зайцева, Окуджава мастерски сочетает элементы фольклора с современными музыкальными формами, создавая уникальный стиль, который стал визитной карточкой его творчества.",0.6461538461538462,0.6547830308270547,0.6461538461538462,True,v5_bayesian_blind_rescue,unchanged
Какова предположительная общая площадь города Ньягатаре согласно проекту нового генерального плана 2020 года?,"## Предположительная общая площадь города Ньягатаре по новому генеральному плану 2020 года

### Исходные данные и контекст

Город **Ньягатаре** — один из крупнейших городов Танзании, расположенный в регионе Аруша на севере страны. В последние годы город активно развивается, что требует обновления градостроительных документов для эффективного управления ростом и развитием городской инфраструктуры.

В рамках подготовки к новому **генеральному плану развития города Ньягатаре**, который был утверждён в 2020 году, были проведены масштабные исследования и расчёты, учитывающие демографические тенденции, экономические факторы и потребности населения.

---

### Расчёт общей площади города

Согласно данным проекта нового генерального плана 2020 года, **общая предполагаемая площадь города Ньягатаре составляет около 150 квадратных километров**. Этот показатель включает как территорию, непосредственно занятую под застройку и инфраструктуру, так и прилегающие зелёные зоны, парки и сельскохозяйственные угодья, которые планируется интегрировать в общую структуру города.

#### Факторы, повлиявшие на расчёт площади

- **Демографический рост**: увеличение численности населения требует расширения жилой и коммерческой застройки.
- **Экономическое развитие**: создание новых промышленных зон и",0.8571428571428571,0.7008300781186406,0.8571428571428571,True,v5_bayesian_blind_rescue,unchanged
"Как называется рыба-меч, доступная игроку только на подводных уровнях в игре Donkey Kong Country?","Рыба-меч, доступная игроку только на подводных уровнях в игре Donkey Kong Country, называется **Squid** (Осьминог).",0.9357142857142857,0.7817524686746923,0.9357142857142857,True,v5_bayesian_blind_rescue,unchanged
В каком году Россия выиграла право на проведение чемпионата мира по хоккею 2000 года?,Россия не выигрывала право на проведение чемпионата мира по хоккею 2000 года. Этот чемпионат проходил в Санкт-Петербурге и Каунасе с 19 апреля по 1 мая 2000 года.,0.9357142857142857,0.7772717216279114,0.9357142857142857,True,v5_bayesian_blind_rescue,unchanged
"Кем был единогласно избран Гамаль Абдель Насер в учредительном комитете, состоявшем из 14 человек различных политических взглядов?","Гамаль Абдель Насер был единогласно избран председателем учредительного комитета, состоявшего из 14 человек различных политических взглядов.",0.05,0.17495487201985024,0.05,False,v5_bayesian_blind_rescue,unchanged
"Какая гипотеза о родстве нахско-дагестанских языков с хуррито-урартской семьёй, выдвигавшаяся с конца XIX века по конец XX века, в настоящее время не имеет поддержки среди лингвистов?","В настоящее время не имеет поддержки среди лингвистов гипотеза о родстве нахско-дагестанских и хуррито-урартских языков, которая была выдвинута с конца XIX века по конец XX века. Эта гипотеза предполагала наличие общего предка для этих языковых семей, однако современные исследования показывают, что нахско-дагестанские языки имеют более тесные связи друг с другом, а хуррито-урартские языки представляют собой отдельную семью, не связанную напрямую с нахско-дагестанскими языками.",0.05,0.14707211572405807,0.05,False,v5_bayesian_blind_rescue,unchanged
"К какому празднику искусствовед С. М. Червонная относила обряд обливания, изображённый на картине Николая Фешина «Обливание»?","Искусствовед Светлана Михайловна Червонная считала, что картина Николая Фешина «Обливание» относится к празднику Ивана Купалы.",0.28846153846153844,0.21245181353150436,0.28846153846153844,False,v5_bayesian_blind_rescue,unchanged
"В каком году космический аппарат «Вояджер-2» обнаружил широкое слабое кольцо Урана, получившее временное обозначение 1986U2R?",Космический аппарат «Вояджер-2» обнаружил широкое слабое кольцо Урана в 1986 году. Это открытие было сделано во время пролета аппарата мимо планеты и её спутников.,0.05,0.16974063657971072,0.05,False,v5_bayesian_blind_rescue,unchanged
Какое вещество Игнац Филипп Земмельвейс обязал персонал больницы использовать для мытья рук перед манипуляциями с беременными и роженицами в конце мая 1847 года?,В конце мая 1847 года Игнатц Филипп Земмельвейс обязал медицинский персонал больницы использовать хлорную известь для мытья рук перед манипуляциями с беременными и роженицами.,0.28846153846153844,0.19773314038351528,0.28846153846153844,False,v5_bayesian_blind_rescue,unchanged
Когда вступил в силу Версальский договор?,Версальский мирный договор был подписан 28 июня 1919 года и вступил в силу 10 января 1920 года после его ратификации союзниками и Германией.,0.8725490196078431,0.7524513161802895,0.8725490196078431,True,v5_bayesian_blind_rescue,evidence_refuted_boost_fn
В каком раунде Сергей Ковалёв отправил Энтони Ярда в нокаут в их поединке 24 августа 2019 года?,Сергей Ковалёв отправил Энтони Ярда в нокаут во втором раунде их поединка 24 августа 2019 года.,0.9357142857142857,0.7690769497685483,0.9357142857142857,True,v5_bayesian_blind_rescue,unchanged
"Кем были куплены и отправлены в Петербург в августе 1769 года античный мраморный орёл, ставший основой для Колонны Орла в Гатчине?","Античный мраморный орёл, который стал основой для Колонны Орла в Гатчине, был приобретен императрицей Екатериной II в Италии. В августе 1769 года орёл был доставлен в Санкт-Петербург на корабле ""Святой Николай"".",0.8490566037735849,0.6831902256700525,0.8490566037735849,True,v5_bayesian_blind_rescue,unchanged
"Какое прозвище закрепилось за паровозом У127 после того, как в 1923 году его отремонтировали силами молодёжи, а почётным старшим машинистом был назначен Владимир Ленин?","Прозвище «Ленин» закрепилось за паровозом У127 после того, как в 1923 году его отремонтировали силами молодёжи, а почётным старшим машинистом был назначен Владимир Ленин.",0.9357142857142857,0.7605581103135161,0.9357142857142857,True,v5_bayesian_blind_rescue,unchanged
"Кто является единственным сохранившимся источником, рассказывающим о жизни Сервия Сульпиция Гальбы до прихода к власти?","Единственным сохранившимся источником, рассказывающим о жизни Сервия Сульпиция Гальбы до прихода к власти, является его биография в труде «Жизнь двенадцати цезарей» римского историка Гая Светония Транквилла.",0.09375,0.20413535487302523,0.09375,False,v5_bayesian_blind_rescue,unchanged
В каком виде единоборств Дольф Лундгрен стал чемпионом Швеции в 1977 году?,Дольф Лундгрен стал чемпионом Швеции по карате в 1977 году.,0.05,0.16994703083618648,0.05,False,v5_bayesian_blind_rescue,unchanged
В каком году папа Иоанн Павел II попросил прощения за действия крестоносцев 1204 года во время своего визита в Грецию?,Папа Римский Иоанн Павел II извинился за действия крестоносцев в 1204 году во время своего визита в Грецию в 2001 году.,0.09375,0.1912257683970895,0.09375,False,v5_bayesian_blind_rescue,unchanged
Какой коэффициент был рассчитан в ходе анализа интерференционной картины в эксперименте Физо 1851 года?,В ходе анализа интерференционной картины в эксперименте Физо 1851 года был рассчитан коэффициент **2π**.,0.8571428571428571,0.697585752814068,0.8571428571428571,True,v5_bayesian_blind_rescue,unchanged
В какую индонезийскую провинцию административно входит остров Мадура?,Остров Мадура административно входит в состав провинции Востная Ява (Jawa Timur).,0.09696332384694659,0.1996791880348879,0.09696332384694659,False,v5_bayesian_blind_rescue,unchanged
За сколько лет до выхода альбома «Чёрный альбом» была записана песня «Следи за собой»?,"Песня «Следи за собой» была записана в 1987 году, а альбом «Чёрный альбом» вышел в 1994 году. Таким образом, песня была записана за 7 лет до выхода альбома.",0.9357142857142857,0.7690419335209627,0.9357142857142857,True,v5_bayesian_blind_rescue,unchanged
Кем стала Ксюша после прохождения испытаний в сюжете «Путь к бессмертию» комикса «Инок» № 43—45?,В комиксе «Инок» № 43–45 Ксюша прошла испытания и стала бессмертной.,0.8490566037735849,0.6990754122873314,0.8490566037735849,True,v5_bayesian_blind_rescue,unchanged
Какой вид камня был выбран для возведения пьедестала Статуи Свободы?,Для возведения пьедестала Статуи Свободы был выбран гранитный камень.,0.43902439024390244,0.6162691642981588,0.43902439024390244,False,v5_bayesian_blind_rescue,unchanged
В каком году вышла монография «Феодализм и народные массы» Бориса Фёдоровича Поршнева?,Монография «Феодализм и народные масс» Бориса Фёдоровича Поршнева была опубликована в 1964 году.,0.8725490196078431,0.7571640458015402,0.8725490196078431,True,v5_bayesian_blind_rescue,unchanged
Какой драматург написал трагедию «Архелай» в честь македонского царя Архелая?,Трагедия «Архелай» была написана древнегреческим драматургом Еврипидом в честь македонского царя Архелая.,0.28846153846153844,0.199214459566165,0.28846153846153844,False,v5_bayesian_blind_rescue,unchanged
Какое оружие создал Гефест для Кратоса в игре God of War III?,"В игре ""God of War III"" Гефест создает для Кратоса два мощных оружия: копье и щит. Копье называется ""Копье Зевса"", а щит - ""Щит Зевса"". Эти предметы позволяют Кратосу сражаться с богами Олимпа и защищать себя от их атак.",0.05,0.15647377018762776,0.05,False,v5_bayesian_blind_rescue,blind_recall_rescue_fp
"В каком году Богучанское водохранилище было наполнено до проектной отметки 208,0 м?","Богучанское водохранилище было полностью заполнено до проектной отметки 208,0 метров в 2019 году.",0.8725490196078431,0.7583706830747038,0.8725490196078431,True,v5_bayesian_blind_rescue,unchanged
Кто занимался реконструкцией Павильона на Патриарших прудах с 1983 года?,Реконструкция Павильона на Патриарших прудах в Москве началась в 1983 году и была завершена в 2006 году. Проект реконструкции был разработан архитектором Игорем Александровичем Покровским.,0.8725490196078431,0.7782607950521001,0.8725490196078431,True,v5_bayesian_blind_rescue,unchanged
"Какие модели, кроме Wingroad, были выпущены в ограниченную серию Autech Rider Alpha II 29 мая 2006 года?","Модельный ряд автомобилей, выпущенных в ограниченной серии Autech Rider Alpha II 29 мая 2006 года, включал следующие автомобили:

1. **Toyota Crown**
2. **Toyota Mark II**
3. **Toyota Soarer**
4. **Toyota Supra**",0.9357142857142857,0.7581563085432665,0.9357142857142857,True,v5_bayesian_blind_rescue,unchanged
В каком году эстафету развития образа Марии Магдалины подхватила «Золотая легенда» Якова Ворагинского?,Эстафету развития образа Марии Магдалины подхватила «Золотая легенда» Якова Ворагинского в 1260 году.,0.28846153846153844,0.2636011833325056,0.28846153846153844,False,v5_bayesian_blind_rescue,unchanged
В каком году историк Ю. Борза предлагает считать окончание царствования Пердикки II?,"Историк Юрий Борисович Борза считает, что окончанием царствования Пердикки II следует считать 413 год до н. э., когда он был убит в результате заговора.",0.8490566037735849,0.6854731521063601,0.8490566037735849,True,v5_bayesian_blind_rescue,unchanged
В каком парке в Тиволи Александр Иванов выбрал фон для своей картины «Явление Христа Марии Магдалине после воскресения»?,Александр Иванов выбрал фон для своей картины «Явление Христа Марии Магдалине после воскресения» в парке Тиволи в Копенгагене.,0.05,0.15102262970715363,0.05,False,v5_bayesian_blind_rescue,blind_recall_rescue_fp
Какую актрису Альфред Хичкок пригласил на главную роль в фильм «Головокружение» в 1958 году?,Альфред Хичкок пригласил на главную роль в фильме «Головокружение» актрису Ким Новак.,0.09375,0.1984486509347653,0.09375,False,v5_bayesian_blind_rescue,unchanged
"Какое животное является основой местной породы крупного рогатого скота, выведенной мадурцами на Мадуре и близлежащих островах в результате гибридизации с зебу?","Основой местной породы крупного рогатого скота, выведенной мадурцами на Мадуре и близлежащих островах в результате гибридизации с зебу, являются индийские коровы.",0.43902439024390244,0.6231436554337345,0.43902439024390244,False,v5_bayesian_blind_rescue,unchanged
Кто стал наставником Генри Уильяма Уикса в тюрьме Уормвуд-Скрабс и познакомил его с теорией еврейского заговора?,"В 1894 году Генри Уильям Уикс был арестован по обвинению в убийстве своего отца. В тюрьме Уормвуд-Скрабс он познакомился с Чарльзом Мэнсоном, который стал его наставником. Мэнсон познакомил Уикса с теорией еврейского заговора, которая стала основой для их дальнейших действий.",0.8571428571428571,0.739314419116222,0.8571428571428571,True,v5_bayesian_blind_rescue,unchanged
С кем из депутатов от Вирджинии Александр Гамильтон нашёл единомышленника в вопросе необходимости права федерального правительства на сбор налогов в конце 1782 года?,В конце 1782 года Александр Гамильтон нашёл единомышленника в лице депутата от Вирджинии Джеймса Мэдисона по вопросу необходимости права федерального правительства на сбор налогов.,0.8725490196078431,0.7429562314150783,0.8725490196078431,True,v5_bayesian_blind_rescue,unchanged
Какую оценку из 5 возможных поставил Шав Сакенхейм игре Sonic R в своей рецензии для Sega Saturn?,Шав Сакенхейм поставил игре Sonic R оценку **4 из 5** в своей рецензии для Sega Saturn.,0.8571428571428571,0.7260420126080632,0.8571428571428571,True,v5_bayesian_blind_rescue,unchanged
В каком году картина «Испытание силы Яна Усмаря» была передана из Академии художеств в Государственный Русский музей?,Картина «Испытание силы Яна Усмаря» была передана из Академии художеств в Государственный Русский музей в 1925 году.,0.8490566037735849,0.6839993983455459,0.8490566037735849,True,v5_bayesian_blind_rescue,unchanged
Чей бюст работы французского скульптора Гудона послужил основой для изображения на аверсе 5-центовой монеты США?,"Бюст Томаса Джефферсона, выполненный французским скульптором Жаном-Антуаном Гудоном, стал основой для изображения на аверсе 5-центовой монеты США.",0.05,0.17581281424055362,0.05,False,v5_bayesian_blind_rescue,unchanged
В каком году Квинт Муций Сцевола (консул 95 года до н. э.) стал народным трибуном?,Квинт Муций Сцевола был избран в народные трибуны в 133 году до н. э.,0.8571428571428571,0.7291958563711526,0.8571428571428571,True,v5_bayesian_blind_rescue,unchanged
Кто в начале сезона 2008/09 был назначен тренером «Аякса» и назначил Класа-Яна Хюнтелара капитаном команды?,"В начале сезона 2008/09 главным тренером «Аякса» был назначен Франк де Бур, а Клас-Ян Хюнтелар стал капитаном команды.",0.05263157894736842,0.19852384439535578,0.05263157894736842,False,v5_bayesian_blind_rescue,unchanged
"В каком фильме 2021 года рэпер Pop Smoke принял участие в записи саундтрека, выпустив трек «Lane Switcha»?","Рэпер Pop Smoke принял участие в записи саундтрека к фильму ""Ковбой из Бетпэда"" (""Bad Boys for Life""), выпущенному в 2020 году, а не в 2021 году. В этом фильме он записал трек под названием ""Lane Switcha"".",0.8725490196078431,0.7619877845476412,0.8725490196078431,True,v5_bayesian_blind_rescue,unchanged
В каком году была опубликована в Рижском альманахе стальная гравюра насосной станции на улице Маскавас?,Стальная гравюра насосной станции на улице Маскавас была опубликована в 1978 году в Рижском альманахе.,0.9357142857142857,0.7819227014388973,0.9357142857142857,True,v5_bayesian_blind_rescue,unchanged
Сколько пехоты и конницы было у Александра Македонского при переходе через Геллеспонт перед битвой при Гранике?,"При переходе через Геллеспонт перед битвой при Гранике у Александра Македонского была небольшая армия, состоявшая из примерно 5000 человек пехоты и около 600 человек конницы.",0.8636363636363636,0.7398779893881215,0.8636363636363636,True,v5_bayesian_blind_rescue,unchanged
Какое прионное заболевание человека было описано Гансом Герхардом Крейцфельдтом и Альфонсом Марией Якобом в 1920-х годах?,"Прионное заболевание человека, которое было описано Гансом Герхардом Крейцфельдтом и Альфонсом Марией Якобом в 1920-х годах, называется болезнь Крейтцфельдта-Якоба (БКЯ). Это редкое нейродегенеративное заболевание, вызываемое аномальными белками — прионами. БКЯ характеризуется прогрессирующим ухудшением когнитивных функций, мышечной слабостью и другими неврологическими симптомами.",0.05,0.14439718246121466,0.05,False,v5_bayesian_blind_rescue,unchanged
"Что выдаёт R-элемент элементарного перцептрона, если линейная форма превышает порог?","R-элемент в элементарном перцептроне выдаёт значение 1, если сумма взвешенных входных сигналов превышает заданный пороговый уровень. Если же эта сумма меньше или равна порогу, то R-элемент выдаёт значение 0.",0.05,0.14672247874043817,0.05,False,v5_bayesian_blind_rescue,unchanged
Кто выступал на разогреве в туре «Party Crasher Tour 2009»?,"На разогреве в туре ""Party Crasher Tour"" выступали такие группы как **The Bravery**, **The Kooks** и **Cobra Starship**.",0.05,0.1689614343253485,0.05,False,v5_bayesian_blind_rescue,blind_recall_rescue_fp
Какова звёздная величина Проксимы Центавра?,Звёздная величина Проксимы Центавра составляет примерно 11m.,0.09375,0.1893924954077261,0.09375,False,v5_bayesian_blind_rescue,unchanged
Кто является главным героем рассказа «Континуум Гернсбека»?,"Главный герой рассказа «Континуум Гернсбека» — это молодой человек по имени Джонни Рико. Он работает в магазине комиксов и увлекается научной фантастикой. В один прекрасный день он случайно обнаруживает, что его любимый журнал о научной фантастике содержит секретную информацию о будущем человечества.",0.9357142857142857,0.7902701631167922,0.9357142857142857,True,v5_bayesian_blind_rescue,unchanged
Кто из асклепиадов Коса стал наиболее знаковой личностью перехода от храмовой медицины к светской?,"Наиболее знаковой личностью перехода от храмовой медицины к светской среди асклепиадов Косса считается Гиппократ. Он жил в V веке до н.э. и считается одним из основателей современной медицины. Гиппократ был первым врачом, который начал изучать медицину на основе наблюдений и экспериментов, вместо того чтобы полагаться только на религиозные верования и суеверия. Его работы стали основой для развития медицинской науки и практики, и его методы лечения используются и сегодня.",0.05,0.17040826700825928,0.05,False,v5_bayesian_blind_rescue,unchanged
На каком шасси в 1941 году была создана импровизированная зенитная самоходная установка с 25-мм пушкой образца 1940 года (72-К)?,В 1941 году на базе танка Т-60 была создана импровизированная зенитная самоходная установка с 25-мм пушкой образца 1940 года (72-К).,0.8725490196078431,0.7443674651997073,0.8725490196078431,True,v5_bayesian_blind_rescue,unchanged
"Какие два вида животных в дополнении The Sims 2: Питомцы являются игровыми объектами, но не могут стать членами семьи?","В дополнении «The Sims 2: Питомцы» двумя видами животных, которые являются игровыми объектами, но не могут стать членами семьи, являются **рыбы** и **птицы**.",0.05263157894736842,0.17035787306746197,0.05263157894736842,False,v5_bayesian_blind_rescue,blind_recall_rescue_fp
Кто сыграл роль Виктора Салливана в игре «Uncharted: Golden Abyss»?,Роль Виктора Салливана в игре «Uncharted: Golden Abyss» исполнил актёр Ричард МакГонагл.,0.05,0.19380300260774508,0.05,False,v5_bayesian_blind_rescue,unchanged
В каком году Армения утратила самостоятельную государственность в результате раздела Великой Армении между Римской империей и Сасанидской Персией?,Армения утратила свою независимость в 387 году нашей эры после раздела Великой Армении между Римской империей и Сасанидской Персией.,0.28846153846153844,0.20828498386464975,0.28846153846153844,False,v5_bayesian_blind_rescue,unchanged
"Кто в 1838 году экспериментально доказал, что дрожжи являются живыми организмами?","В 1838 году французский ученый Луи Пастер экспериментально доказал, что дрожжи являются живыми организмами. Он провел серию экспериментов, которые показали, что дрожжи способны размножаться и производить алкоголь через процесс ферментации. Это открытие имело большое значение для развития микробиологии и понимания процессов, происходящих в живых организмах.",0.8571428571428571,0.7398842432197258,0.8571428571428571,True,v5_bayesian_blind_rescue,unchanged
Какое название имеет первый игровой уровень в Sonic the Hedgehog Spinball?,"Первый игровой уровень в игре Sonic the Hedgehog Spinball называется **""Green Hill Zone""**.",0.09375,0.1721421117740528,0.09375,False,v5_bayesian_blind_rescue,blind_recall_rescue_fp
"Какой водопад, изображённый на картине Джеймса Олдена 1857 года, находится в бассейне реки Колумбия?","На картине Джеймса Олдена 1857 года изображён водопад «Багги» (Bogie Falls). Этот водопад расположен в бассейне реки Колумбии и является одним из самых высоких водопадов в штате Вашингтон, США.",0.8725490196078431,0.7346926455894143,0.8725490196078431,True,v5_bayesian_blind_rescue,unchanged
Как дословно переводится название Хаджи-бей?,"Название ""Хаджи-бей"" состоит из двух частей: ""Хаджи"" и ""бей"". 

1. **Хаджи** - это титул в исламе, который присваивается человеку, совершившему паломничество в Мекку. Это слово происходит от арабского слова ""хадж"", что означает ""паломничество"".

2. **Бей** - это титул или звание, которое использовалось в Османской империи для обозначения правителя или вождя племени. Оно также может использоваться как обращение к мужчине.

Таким образом, дословный перевод названия ""Хаджи-бей"" будет означать ""Паломник-правитель"" или ""Правитель-пилигрим"".",0.05,0.1556244820424458,0.05,False,v5_bayesian_blind_rescue,unchanged
"Какой город в ходе Северомексиканской кампании генерал Тейлор характеризовал как место, где столько родников, что можно обеспечить питьевой водой Нью-Йорк?","В ходе Северомексиканской кампании генерал Закари Тейлор охарактеризовал город Монтеррей как место, где столько родников, что можно обеспечить питьевой водой Нью-Йорк.",0.28846153846153844,0.2188921058022731,0.28846153846153844,False,v5_bayesian_blind_rescue,unchanged
Когда был зарыт Керченский клад 1988 года?,Керченский клад был найден в 1988 году на территории Керчи.,0.858471018612798,0.7350087027029718,0.858471018612798,True,v5_bayesian_blind_rescue,unchanged
"Какую оперу-буффа Вольфганг Амадей Моцарт написал в 1786 году на основе пьесы Бомарше «Женитьба Фигаро», где упоминается имя, связанное с Барбарой Кампанини?","Вольфганг Амадей Моцарт написал оперу-буффа «Свадьба Фигаро» («Le Nozze di Figaro») в 1786 году на основе пьесы Бомарше «Женитьба Фигаро». В этой опере упоминается имя, связанное с Барбарой Кампанини, — это Сюзанна.",0.8490566037735849,0.6964648999075896,0.8490566037735849,True,v5_bayesian_blind_rescue,unchanged
"Кто является создателем некоммерческой организации «Архив Интернета», которая в 2006 году запустила проект виртуальной библиотеки Open Library?","Создателями некоммерческой организации ""Архив Интернета"" и проекта виртуальной библиотеки Open Library являются Брюстер Кейл (Brewster Kahle) и Брюс Гилберт (Bruce Gilbert).",0.9357142857142857,0.7843340755427549,0.9357142857142857,True,v5_bayesian_blind_rescue,unchanged
"Какое высшее воинское звание получил Идвал Хьюберт Эдвардс, став единственным выпускником Блумсберга, достигшим такого уровня?",Идвал Хьюберт Эдвардс был удостоен звания генерал-лейтенанта в армии США.,0.8490566037735849,0.6703237208154245,0.8490566037735849,True,v5_bayesian_blind_rescue,unchanged
"С кем 17 ноября 1475 года эмир Али ибн Сад подписал мирный договор, по которому Гранадский эмират остался нейтральным в Войне за кастильское наследство?",17 ноября 1475 года эмир Али ибн Сад подписал мирный договор с королевой Изабеллой I Кастильской и королем Фердинандом II Арагонским. По этому договору Гранадский эмират оставался нейтральным в Войне за кастильское наследство.,0.05,0.16891994750815642,0.05,False,v5_bayesian_blind_rescue,unchanged
Какой космический аппарат пересёк хвост кометы C/1996 B2 (Хякутакэ) 1 мая 1996 года?,Космический аппарат «Улисс» пересёк хвост кометы C/1996 B2 (Хякутакэ) 1 мая 1996 года.,0.05,0.1545294784287695,0.05,False,v5_bayesian_blind_rescue,unchanged
Какой боевой массой в тоннах обладал швейцарский танк Pz.61 согласно таблице сравнения характеристик танков первой половины 1960-х годов?,"Согласно таблице сравнения характеристик танков первой половины 1960-х годов, швейцарский танк Pz.61 имел боевую массу 45 тонн.",0.8571428571428571,0.7040714807742088,0.8571428571428571,True,v5_bayesian_blind_rescue,unchanged
Сколько недель подряд альбом Janet Jackson’s Rhythm Nation 1814 возглавлял чарт Billboard 200 в США?,"Альбом Janet Jackson’s ""Rhythm Nation 1814"" возглавлял чарт Billboard 200 в США на протяжении 35 недель подряд.",0.8725490196078431,0.7547672170898524,0.8725490196078431,True,v5_bayesian_blind_rescue,unchanged
Какая гора является наивысшей точкой острова Футуна в группе Хорн (территория Уоллис и Футуна)?,"Наивысшая точка острова Футуна в группе Хорн — это гора Тафахи, высота которой составляет 524 метра над уровнем моря.",0.9357142857142857,0.7543177671374561,0.9357142857142857,True,v5_bayesian_blind_rescue,unchanged
В каком году Мишель Маккул стала первым в истории чемпионом див WWE?,"Мишель Маккул стала первой женщиной, которая выиграла титул чемпиона Див WWE, когда она победила Бэйли на шоу Raw от 18 октября 2016 года.",0.9166666666666666,0.7640458528239588,0.9166666666666666,True,v5_bayesian_blind_rescue,unchanged
Какова рассчитанная скорость утраты генов микроРНК у Arabidopsis thaliana?,"Скорость утраты генов микроРНК у Arabidopsis thaliana составляет примерно 0,1 гена в год.",0.8490566037735849,0.6897609030614537,0.8490566037735849,True,v5_bayesian_blind_rescue,unchanged
В каком году Оуэну Тюдору было предоставлено английское гражданство?,Оуэн Тюдор получил английский паспорт в 1452 году.,0.8725490196078431,0.7456595510446272,0.8725490196078431,True,v5_bayesian_blind_rescue,unchanged
Кем был назначен главным архитектором Телевизионной башни Токио?,Главным архитектором Телевизионной башни в Токио был назначен Тадао Андо (Tadao Ando). Он является известным японским архитектором и лауреатом Притцкеровской премии за 1995 год.,0.9166666666666666,0.7823975809143561,0.9166666666666666,True,v5_bayesian_blind_rescue,unchanged
"Кто, согласно третьей повести трилогии «В ночь большого прилива», имеет полное имя Иту Лариу Дэн?","Согласно третьей повести трилогии «В ночь большого прилива» Аркадия и Бориса Стругацких, полное имя Иту Лариу Дэн носит главный герой повести — человек по имени Иван Жилин.",0.9357142857142857,0.7936103753499149,0.9357142857142857,True,v5_bayesian_blind_rescue,unchanged
В каком телесериале 2006–2011 годов Салли Филд исполнила главную роль Норы Уокер?,"Салли Филд сыграла главную роль в сериале «Братья по оружию» («Brothers & Sisters»), который выходил с 2006 по 2011 год. В этом шоу она воплотила образ Норы Уокер.",0.05,0.18157696169710966,0.05,False,v5_bayesian_blind_rescue,unchanged
"Кто, согласно Плутарху, споткнулся и упал, выходя из палатки перед битвой при Ипсе в 301 году до н. э.?","Согласно Плутарху, споткнулся и упал Антигон Одноглазый, один из полководцев Александра Македонского, который вышел из палатки перед битвой при Ипсе в 301 году до нашей эры.",0.8725490196078431,0.766523318752986,0.8725490196078431,True,v5_bayesian_blind_rescue,unchanged
"Какую лицензию получил градостроительный симулятор Lincity, выпущенный в 2000 году как альтернатива SimCity?",Lincity был выпущен под лицензией GPL (General Public License).,0.1111111111111111,0.2013591998084879,0.1111111111111111,False,v5_bayesian_blind_rescue,unchanged
В каком возрасте умерла Летиция Ноллис?,Летиция Ноллис умерла в 1633 году в возрасте 72 лет.,0.8725490196078431,0.7460647964092896,0.8725490196078431,True,v5_bayesian_blind_rescue,unchanged
"Кто был назначен первым деканом правового отделения, созданного на базе юридического факультета Харьковского университета в 1920 году?","Первым деканом правового отделения, созданного на базе юридического факультета Харьковского университета в 1920 году, был профессор Иван Иванович Кистяковский.",0.9357142857142857,0.7851203327906955,0.9357142857142857,True,v5_bayesian_blind_rescue,unchanged
Какой номер Мохаммед Салах получил в «Роме» после перехода туда 6 августа 2015 года?,После перехода в «Рому» 6 августа 2015 года Мохаммед Салах получил футболку с номером **11**.,0.05263157894736842,0.17019224147195766,0.05263157894736842,False,v5_bayesian_blind_rescue,unchanged
В каком году король Давид II пожаловал Джону Стюарту и Аннабелле графство Каррик?,Король Шотландии Дэвид II пожаловал Джону Стюарту и Аннабелле графство Каррик в 1368 году.,0.28846153846153844,0.26600555438291734,0.28846153846153844,False,v5_bayesian_blind_rescue,unchanged
"Какую характерную особенность тематической разработки в концертах op. 8, согласно П. Эверетту, представляет собой 4-нотный ход от I к V ступени или от V ко II ступени, встречающийся во всех концертах этого сборника за исключением № 8?","Согласно П. Эверетту, характерной особенностью тематической разработки в концертах op. 8 является 4-нотный ход от I к V ступени или от V к II ступени, который встречается во всех концертах этого сборника за исключением № 8.",0.8490566037735849,0.6924351522553348,0.8490566037735849,True,v5_bayesian_blind_rescue,unchanged
"Кто в фильме «Снежный человек» (1957) умирает от ужаса, когда пытается выстрелить из винтовки, заряженной холостыми патронами?","В фильме «Снежный человек» (1957) умирает от ужаса, когда пытается выстрелить из винтовки, заряженной холостыми патронами, главный герой фильма — охотник по имени Джон Маккрей.",0.9357142857142857,0.7920454492748092,0.9357142857142857,True,v5_bayesian_blind_rescue,unchanged
"Кем, по мнению писательницы Джо Уолтон, является изобретатель поджанра «высокотехнологического попаданчества» в романе «Да не опустится тьма»?","Писательница Джо Уолтон считает, что изобретателем поджанра «высокотехнологичного попаданства» является Глен Кук.",0.8571428571428571,0.7173550968945825,0.8571428571428571,True,v5_bayesian_blind_rescue,unchanged
Кем было занято первое место среди британских производителей полупроводников вместо Mullard-GEC в 1968 году?,В 1968 году первым местом среди британских производителей полупроводников после ухода Mullard-GEC стало занимала компания Ferranti.,0.9357142857142857,0.7830914500290221,0.9357142857142857,True,v5_bayesian_blind_rescue,unchanged
Какой полк понёс самые высокие потери в Сражении на реке Бивер-Дам-Крик?,В битве при Бивер-Дам-Крик наибольшие потери понес 1-й полк Коннектикута из армии Союза.,0.8725490196078431,0.7306093600138576,0.8725490196078431,True,v5_bayesian_blind_rescue,unchanged
Какой угол уклона характерен для клинчатых кровель в русском деревянном культовом зодчестве?,В русском деревянном культовом зодчестве угол наклона кровли обычно составляет 45 градусов и более.,0.6461538461538462,0.6409729752871846,0.6461538461538462,True,v5_bayesian_blind_rescue,unchanged
"Кого Ричард де Клер, 6-й граф Глостер, сопровождал в поездке во Францию в 1254 году?","Ричард де Клер, 6-й граф Глостер, сопровождал короля Англии Генриха III во время его поездки во Францию в 1254 году.",0.28846153846153844,0.21276329390109483,0.28846153846153844,False,v5_bayesian_blind_rescue,unchanged
Кем был назван Олег Даль «смесью жирафёнка с пантерой»?,Олега Даля назвал «смесью жирафёнка с пантерой» писатель Юрий Нагибин.,0.09375,0.18653297960479284,0.09375,False,v5_bayesian_blind_rescue,unchanged
Сколько денег собрал в мировом прокате фильм Роланда Эммериха «2012»?,Фильм Роланда Эммериха «2012» собрал в мировом прокате около 769 миллионов долларов США.,0.28846153846153844,0.25002808889089706,0.28846153846153844,False,v5_bayesian_blind_rescue,unchanged
"Кто был султаном, подготовившим резню 1895—1896 годов как ответ на принятие проекта реформ для шести восточных провинций?","Султаном, подготовившим резню 1895—1896 годов в качестве ответа на принятие проекта реформ для шести восточных провинций, был Абдул-Хамид II.",0.1111111111111111,0.21742732907130513,0.1111111111111111,False,v5_bayesian_blind_rescue,unchanged
"Кто был коллегой Публия Корнелия Долабеллы, выступившим против его проекта социальных реформ в начале 47 года до н. э.?","Коллегой Публия Корнелия Долабеллы, который выступил против его проекта социальных реформ в начале 47 года до н. э., был Гай Кассий Лонгин.",0.43902439024390244,0.6687483427386871,0.43902439024390244,False,v5_bayesian_blind_rescue,unchanged
В каком году Соня Хени была посмертно включена в Зал славы мирового фигурного катания?,Соня Хени была посмертно включена в Зал славы мирового фигурного катания в 1976 году.,0.9357142857142857,0.7788932053162867,0.9357142857142857,True,v5_bayesian_blind_rescue,unchanged
Сколько партий выиграл Рашид Нежметдинов в городском первенстве среди пионеров зимой 1927 года?,Рашид Нежметдинов выиграл три партии из пяти в городском первенстве по шахматам среди пионеров в Москве зимой 1927 года.,0.8571428571428571,0.7055226916120733,0.8571428571428571,True,v5_bayesian_blind_rescue,unchanged
"В мини-игре Блум Dragon Flight из игры Winx Club: Quest for the Codex для Nintendo DS что получает игрок, если тень ускользает?","Если в мини-игре ""Блум Dragon Flight"" из игры Winx Club: Quest for the Codex на Nintendo DS тень ускользает от игрока, то он теряет одну жизнь.",0.28846153846153844,0.622046535581581,0.28846153846153844,False,v5_bayesian_blind_rescue,unchanged
"Как звали первую жену Селевка, живучесть которой на момент его свадьбы со Стратоникой Сирийской является предметом дискуссий в историографии?",Первая жена Селевка I Никатора была Апама.,0.09375,0.19824480124564337,0.09375,False,v5_bayesian_blind_rescue,unchanged
Какая компания разработала лампу 12AX7?,Лампа 12AX7 была разработана компанией RCA (Radio Corporation of America).,0.09375,0.17753902896066143,0.09375,False,v5_bayesian_blind_rescue,unchanged
"Кто стал новым тренером «Чикаго Буллз» в сезоне 1989/90, когда Майкл Джордан стал капитаном команды?","В сезоне 1989/90 года главным тренером «Чикаго Буллз» был назначен Фил Джексон. Он принял команду после того, как Майкл Джордан вернулся в баскетбол и стал капитаном команды.",0.9357142857142857,0.7862341244439949,0.9357142857142857,True,v5_bayesian_blind_rescue,unchanged
"Кто из афинских ораторов, согласно античной традиции, покончил жизнь самоубийством, узнав о поражении при Херонее в 338 году до н. э.?","Согласно античной традиции, одним из афинских ораторов, который покончил жизнь самоубийством после поражения при Херонее в 338 году до н. э., был Демосфен.",0.05,0.19211420583943603,0.05,False,v5_bayesian_blind_rescue,unchanged
Какой вид динофлагеллят отвечает за массовую гибель рыб во время красных приливов у атлантического побережья США?,"## Вид динофлагеллят, ответственный за массовые гибели рыб во время красных приливов на Атлантическом побережье США

### Основные факты о красных приливах

Красные приливы — это явление, связанное с массовым размножением морских организмов, в частности динофлагеллят. Эти организмы могут выделять токсины, которые приводят к массовой гибели рыбы и других водных животных. На Атлантическом побережье США одним из наиболее известных видов динофлагеллят, вызывающих такие явления, является **_Alexandrium fundyense_**.

#### Характеристики _Alexandrium fundyense_

- **Токсичность**: Этот вид способен продуцировать нейротоксин, известный как **амастоксин**, который вызывает паралич дыхательной мускулатуры у рыб и других водных животных.
- **Распространение**: Встречается преимущественно в прибрежных водах Северной Америки, особенно вдоль восточного побережья США.
- **Влияние на экосистему**: Массовое размножение этого вида может привести к значительным экономическим потерям для рыболовства и аквакультуры.

### Механизм действия токсинов

Токсины, вырабатываемые _Alexandrium fundyense_, действуют следующим образом:

1. **Нар",0.6461538461538462,0.630369244814773,0.6461538461538462,True,v5_bayesian_blind_rescue,unchanged
В каком году Хаби Алонсо перешёл из «Ливерпуля» в мадридский «Реал»?,Хаби Алонсо перешёл из «Ливерпуля» в мадридский «Реал» в 2009 году.,0.09375,0.18987640594747426,0.09375,False,v5_bayesian_blind_rescue,unchanged
Кем был назван «компактным обновлённым фениксом» прорыв группы пролетарских бригад в Западную Боснию в ходе Похода группы пролетарских бригад в Боснийскую Краину в 1942 году?,Прорыв группы пролетарских бригад в Западную Боснию в ходе Похода группы пролетарских бригады в Боснийскую Краину в 1942 году был назван «компактным обновлённым фениксом».,0.8725490196078431,0.7544095106231015,0.8725490196078431,True,v5_bayesian_blind_rescue,unchanged
Сколько точных копий экземпляра «Сыку цюаньшу» из павильона Вэньюаньгэ планировалось изготовить в 1925 году для передачи в крупнейшие библиотеки Китая и мира?,В 1925 году было запланировано изготовить 300 точных копий экземпляра «Сыку цюаньшу» из павильона Вэньюаньгэ для передачи в крупнейшие библиотеки Китая и мира.,0.8550218514038765,0.7003321707668683,0.8550218514038765,True,v5_bayesian_blind_rescue,unchanged
Кто тренировал немецкую команду в межзональном финале Кубка Дэвиса между фон Краммом и Баджем?,Тренером немецкой команды в межзональном финале Кубка Дэвиса между фон Краммом и Баджем был Ханс Фогель.,0.8725490196078431,0.7723145637390014,0.8725490196078431,True,v5_bayesian_blind_rescue,unchanged
"Как называется наиболее известный цикл затмений, промежуток времени которого немногим дольше 18 лет?","Наиболее известным циклом затмений является сарос. Сарос — это период времени, в течение которого повторяются солнечные и лунные затмения с примерно одинаковыми условиями видимости. Сарос длится около 18 лет и 11 дней (или 18 лет и 10 дней при переходе через високосный год).",0.05,0.18063884215269554,0.05,False,v5_bayesian_blind_rescue,unchanged
Кто сыграл роль Электро в фильме «Новый Человек-паук: Высокое напряжение»?,Роль Электро в фильме «Новый Человек-паук: Высокое напряжение» исполнил актёр Джейми Фокс.,0.05,0.19652882388754925,0.05,False,v5_bayesian_blind_rescue,unchanged
Против какого клуба Ронан О’Гара 12 ноября 2011 года в матче группового этапа Кубка Хейнекен забил победный дроп-гол на 84-й минуте?,Ронан О'Гара 12 ноября 2011 года в матче группового этапа Кубка Хейнекен забил победный дроп-гол на 84-й минуте против команды «Оспрейс».,0.05,0.1737783291277107,0.05,False,v5_bayesian_blind_rescue,unchanged
Кто из лидеров мусульманского движения в Индонезии отличался особенно антикитайскими взглядами и негативно относился к «Китайской ассоциации»?,"Лидер мусульманского движения в Индонезии, который отличался особенно антикитайскими взглядами и негативно относился к «Китайской ассоциации», — это **Султан Хамид II**. Он был одним из самых известных и влиятельных исламских деятелей в Индонезии в начале XX века. Султан Хамид II активно выступал против влияния Китая на индонезийское общество и критиковал деятельность Китайской ассоциации, которая была создана китайцами для защиты своих интересов в Индонезии.",0.9357142857142857,0.7876262248215654,0.9357142857142857,True,v5_bayesian_blind_rescue,unchanged
Кто в романе Джеймса Клавелла «Тай-Пэн» сделал бывшую проститутку Мэри Синклер своим тайным агентом и материально поддерживал её?,В романе Джеймса Клавелла «Тай-Пэн» бывший торговец чаем Дирк Струан сделал бывшую проститутку Мэри Синклер своим тайным агентом и материально поддержал её.,0.95,0.8072636575807701,0.95,True,v5_bayesian_blind_rescue,unchanged
Какой завод в США поставил гарвеевскую броню для центральной части пояса броненосца «Петропавловск»?,Гарвеевская броня была поставлена на заводах Bethlehem Steel и Carnegie Steel Company.,0.09375,0.17809453803204045,0.09375,False,v5_bayesian_blind_rescue,blind_recall_rescue_fp
Какую идею обхода запрета выступлений ирландских националистов на британском телевидении и радио предложил Дэнни Моррисон в 1988 году?,"В 1988 году Дэнни Моррисон, лидер партии Шинн Фейн, предложил идею обхода запрета выступлений ирландских националистов на британском телевидении и радио через использование «политического словаря». Этот словарь включал в себя слова и выражения, которые могли использоваться для передачи политических идей без прямого упоминания запрещённых терминов или тем. Например, вместо использования термина «республика» можно было использовать выражение «государство», а вместо «ирландский народ» — «национальный вопрос». Таким образом, Моррисон надеялся обойти цензуру и донести свои идеи до широкой аудитории.",0.43902439024390244,0.6437684851584042,0.43902439024390244,False,v5_bayesian_blind_rescue,unchanged
Кто в 1777 году написал надворному советнику Якову Рооде о намерении Екатерины II поставить в Царском Селе литые ворота из чугуна?,В 1777 году об этом писал архитектор Антонио Ринальди надворному советнику Якову Рооду.,0.8725490196078431,0.7658639382199429,0.8725490196078431,True,v5_bayesian_blind_rescue,unchanged
"Кто изначально должен был быть главным антагонистом в мультфильме «Черепашки-ниндзя: Погром мутантов», прежде чем сценаристы отказались от этой идеи?",В первоначальном сценарии мультфильма «Черепашки-ниндзя: Погром мутантов» (Teenage Mutant Ninja Turtles: Out of the Shadows) главным антагонистом должен был стать Шреддер. Однако позже сценаристы решили отказаться от этой идеи и выбрали более оригинального злодея для фильма.,0.6461538461538462,0.6895317403154552,0.6461538461538462,True,v5_bayesian_blind_rescue,unchanged
"К какому произведению Ивана Шадра восходит сцена из фильма «Я — Куба», где Энрико пытается бросить камень в полицейского?","Сцена из фильма «Я — Куба», где Энрико пытается бросить камень в полицейского, восходит к произведению Ивана Шадра «Бронзовая».",0.9357142857142857,0.7887833883087048,0.9357142857142857,True,v5_bayesian_blind_rescue,unchanged
В каком году Петер Дебай опубликовал монографию «Полярные молекулы»?,Монография Петера Дебая «Полярные молекулы» была опубликована в 1929 году.,0.05,0.18255626663023253,0.05,False,v5_bayesian_blind_rescue,unchanged
"В каком году император Роман II Младший освободил Крит, что, согласно преданию, стало причиной постройки кафоликона монастыря Осиос-Лукас?","Император Роман II Младший освободил Крит в 961 году. Согласно преданию, это событие вдохновило его на строительство кафоликона монастыря Осиос-Лукас.",0.28846153846153844,0.2117677907397338,0.28846153846153844,False,v5_bayesian_blind_rescue,unchanged
"Какие животные являются источниками отбросов белка, используемыми Polistes fuscatus для развития своего выводка?","**Источники отбросов белка для Polistes fuscatus**

Polistes fuscatus — это вид ос, которые используют различные источники белка для питания своих личинок и поддержания своей колонии. В качестве источников белка они могут использовать следующие виды животных:

1. **Насекомые**: Осы часто охотятся на других насекомых, таких как мухи, комары, жуки и другие мелкие насекомые. Эти насекомы служат источником белка для личинок ос.

2. **Пауки**: Некоторые виды ос также питаются пауками, используя их в качестве источника белка для своих личинок.

3. **Мелкие позвоночные**: В редких случаях осы могут питаться мелкими позвоночными, такими как ящерицы или лягушки, если такие возможности возникают.

4. **Отбросы животного происхождения**: Осам также доступны отходы животного происхождения, такие как мясо или рыба, которые могут быть использованы в качестве источника белка.

Эти источники белка играют важную роль в развитии и выживании колоний Polistes fuscatus, обеспечивая необходимые питательные вещества для роста и размножения.",0.6461538461538462,0.6409137138064421,0.6461538461538462,True,v5_bayesian_blind_rescue,unchanged
"Кто, согласно апокрифическому «Евангелию от Петра», был единственным участником погребения Иисуса?","Согласно апокрифическому «Евангелию от Петра», единственным участником погребения Иисуса был Иосиф Аримафейский.",0.43902439024390244,0.6693685589882694,0.43902439024390244,False,v5_bayesian_blind_rescue,unchanged
"Кто был соперником раджи Таксила, которого тот надеялся разгромить с помощью Александра Македонского?","Соперником раджи Таксила, которого он надеялся разгромить с помощью Александра Македонского, был Пор.",0.05,0.19630313171619584,0.05,False,v5_bayesian_blind_rescue,unchanged
Кто победил на президентских выборах в Республике Беларусь 2006 года?,На президентских выборах в Республике Беларусь в 2006 году победу одержал действующий президент Александр Лукашенко.,0.05,0.16204147223447873,0.05,False,v5_bayesian_blind_rescue,unchanged
В каком году в США вышел художественный фильм Р. Дж. Спрингстина о похищении Адольфа Эйхмана?,Фильм «Шоа» («Shoah») был выпущен в 1985 году.,0.8571428571428571,0.731617625048616,0.8571428571428571,True,v5_bayesian_blind_rescue,unchanged
Какой знак используется для обозначения денежного знака крон Дании (DKK) в соответствии с настройками по умолчанию в Microsoft Excel версии 14.0.4536.1000 и другими указанными источниками?,"В Microsoft Excel версии 14.0.4536.1000 и других источниках, денежный знак крон Дании (DKK) обозначается символом ""kr"".",0.28846153846153844,0.21022751700629583,0.28846153846153844,False,v5_bayesian_blind_rescue,unchanged
"От чьего имени происходит суффикс «-ра», используемый в языке субкультуры гяру для обозначения схожести с поп-идолом?",Суффикс «-ра» в языке субкультуры гяру происходит от японского слова «pop star».,0.6461538461538462,0.6662545201456459,0.6461538461538462,True,v5_bayesian_blind_rescue,unchanged
Какая субъединица Цитохром-b6f-комплекса несёт гем c и связывает пластоцианин?,"Субъединица cytochrome b6f-комплекса, которая несёт гем c и связывает пластоцианин, называется **cytochrome f**.",0.28846153846153844,0.20025509014934437,0.28846153846153844,False,v5_bayesian_blind_rescue,unchanged
На какой частоте экипаж рейса 103 связался с радистом буровой платформы Penrod при спасении самолёта Cessna 188 над Тихим океаном?,Экипаж рейса 103 связался с радистом буровой платформы Penrod на частоте 2187 кГц для спасения самолёта Cessna 188 над Тихим океаном.,0.8571428571428571,0.6907912461612362,0.8571428571428571,True,v5_bayesian_blind_rescue,unchanged
Кем был задержан А. Ф. Кони 23 октября 1919 года?,Александр Фёдорович Кони был задержан 23 октября 1919 года сотрудниками ВЧК.,0.05,0.17235428401292144,0.05,False,v5_bayesian_blind_rescue,unchanged
Кто изгоняет Делсина из племени в плохом концовке игры Infamous: Second Son?,"В игре *Infamous: Second Son* главный герой Деленн пытается спасти своего друга Делсина от заражением Корпусом. Однако, когда он приходит к нему на помощь, Делсин оказывается под воздействием Корпуса и начинает атаковать его. В результате этого Деленн вынужден изгнать Делсина из племени, чтобы защитить себя и других людей.",0.8490566037735849,0.7102957585472923,0.8490566037735849,True,v5_bayesian_blind_rescue,unchanged
"Какую роль в фильме «Хэллоуин» (1978) Джон Карпентер предлагал Кристоферу Ли до того, как отдать её Дональду Плезенсу?","В фильме «Хэллоуин» (1978) Джон Карпентер первоначально хотел предложить роль доктора Сэмюэла Лумхольта Кристоферу Ли, но затем отдал эту роль Дональду Плезансу.",0.05,0.1703910716057195,0.05,False,v5_bayesian_blind_rescue,unchanged
Какая национальность преобладала среди жителей деревни Филисово городского округа Шатура по данным переписи населения 2002 года?,"По данным Всероссийской переписи населения 2002 года, в деревне Филисово городского округа Шатура преобладали русские жители.",0.05,0.16352010994641955,0.05,False,v5_bayesian_blind_rescue,unchanged
"Какое географическое описание маршрута армии Ганнибала через Альпы, содержащееся в трудах Тита Ливия, считается неисторичным и невозможным?","В труде римского историка Тита Ливия содержится описание маршрута армии Ганнибала через Альпы, которое считается неисторичным и невозможным. Согласно Ливию, армия Ганнибала прошла через перевал Мон-Сени, который находится во Франции, а затем пересекла Альпы по пути, ведущему к Риму. Однако современные исследования показывают, что этот маршрут был бы слишком сложным и опасным для армии того времени, особенно учитывая наличие рек и гор, которые могли затруднить передвижение войск.",0.05,0.15439272288327033,0.05,False,v5_bayesian_blind_rescue,blind_recall_rescue_fp
Когда в США начался выпуск Digimon: Digital Monsters на видеокассетах?,В США сериал «Digimon: Digital Monsters» начал выходить на видеокассетах 10 сентября 2000 года.,0.95,0.7906008314815279,0.95,True,v5_bayesian_blind_rescue,unchanged
Сколько христиан погибло от голода во время «Опустошения Севера» по данным хрониста?,Хронист сообщает о том 100 тысячах погибших христианах.,0.9166666666666666,0.7659003070556749,0.9166666666666666,True,v5_bayesian_blind_rescue,unchanged
За какой клуб Маджид Бугерра забил свой единственный гол за «Кру Александру»?,Маджид Бугерра забил свой единственный гол за «Кру Александра» в ворота «Блэкберн Роверс».,0.05,0.15751136914146613,0.05,False,v5_bayesian_blind_rescue,blind_recall_rescue_fp
"Как называется операция, предложенная П. А. Герценом для устранения недостатков способа операции Ру?","Операция, предложенная П. А. Герценом для устранения недостатков способа операции Ру, называется **операция Герцен-Ру**.",0.8725490196078431,0.7489743739848933,0.8725490196078431,True,v5_bayesian_blind_rescue,unchanged
В каком городе и штате в 1985 году Джоан Фейнман получила долговременный контракт с Лабораторией реактивного движения?,"Джоан Фейнман получила долговременный контракт с Лабораторией реактивного движения в Пасадене, штат Калифорния.",0.28846153846153844,0.269404049239606,0.28846153846153844,False,v5_bayesian_blind_rescue,unchanged
"Кто был неформальным лидером казаков войсковой стороны во время Яицкого казачьего восстания 1772 года, у дома которого ежедневно собирались казаки?","Неофициальным лидером казаков войсковой стороны во время Яицкого казачьего восстания 1772 года был Емельян Иванович Пугачёв. У его дома ежедневно собирались казаки, которые поддерживали его и верили в его обещания о восстановлении прав и привилегий казачества.",0.8490566037735849,0.7038222375422555,0.8490566037735849,True,v5_bayesian_blind_rescue,unchanged
"О каком языке жестов говорила Миллисент Симмондс в интервью интернет-журналу Teen Vogue, назвав его прекрасным?",Миллисент Симмондs в интервью интернет-журналу Teen Vogue говорила о языке жестов американского жестового языка (ASL). Она назвала его прекрасным и выразила свою любовь к нему.,0.05,0.17488159336210365,0.05,False,v5_bayesian_blind_rescue,unchanged
В каком году была запущена трасса О-Бан в Аделаиде?,Трасса О-Бан в Аделаиде была запущена в 1938 году.,0.9357142857142857,0.7713105711990788,0.9357142857142857,True,v5_bayesian_blind_rescue,unchanged
Что означает оранжевое поле на флаге Бутана согласно Конституции 2008 года и резолюции 1972 года?,Оранжевый цвет на флаге Бутана символизирует буддийский монашество и духовность. Он также ассоциируется с миролюбие и спокойствие.,0.43902439024390244,0.6405237084999014,0.43902439024390244,False,v5_bayesian_blind_rescue,unchanged
Кто стал соперником Александра Усика в финале турнира после его победы над Майрисом Бриедисом?,Соперником Александра Усика в финале турнира после его победы над Майрисом Бриедисом стал Мурат Гассиев.,0.6461538461538462,0.6795913886999484,0.6461538461538462,True,v5_bayesian_blind_rescue,unchanged
В каком году Джуд Лоу сыграл роль Джерома Морроу в фильме «Гаттака»?,"Джуд Лоу сыграл роль Джерома Морроу в фильме «Гаттака», который вышел в 1997 году.",0.9357142857142857,0.7786472058411408,0.9357142857142857,True,v5_bayesian_blind_rescue,unchanged
В каком году Пуштунистан был политически разделён между Афганистаном и Британской Индией по линии Дюранда?,Пуштунистан был политически разделён между Афганистаном и Британской Индией в 1893 году по линии Дюранда.,0.09375,0.19388757715410634,0.09375,False,v5_bayesian_blind_rescue,unchanged
Кто в 15:08 31 мая поднялся в воздух на самолёте лейтенанта Доналда вместе с наблюдателем-радистом Джорджем Тервином?,В 15:08 31 мая 1942 года лейтенант Дональдсон и его наблюдатель-радист Джордж Тервин поднялись в воздух на самолёте B-24 Liberator из состава 7-й бомбардировской группы ВВС США.,0.8725490196078431,0.7722384104231031,0.8725490196078431,True,v5_bayesian_blind_rescue,unchanged
"Какую часть тела Порция, дочь Катона Утического, ранила ножом, чтобы доказать Бруту свою способность хранить его тайну?","Порция, дочь Катона Утического, ранила себя в бедро ножом, чтобы доказать своему мужу Марку Юнию Бруту, что она способна хранить его тайны и не выдавать их даже под пыткой.",0.43902439024390244,0.6437196927554216,0.43902439024390244,False,v5_bayesian_blind_rescue,unchanged
Какое звание в 1941 году было присвоено Александру Джапаридзе?,В 1941 году Александру Джапаридзе было присвоено звание Героя Советского Союза.,0.05263157894736842,0.1702388702768287,0.05263157894736842,False,v5_bayesian_blind_rescue,unchanged
В каком году немецкая компания Egmont Manga & Anime приобрела права на публикацию манги по игре Legend of Mana на территории Германии?,"Немецкая компания Egmont Manga & Anime приобрела права на публикацию манги по игре ""Legend of Mana"" в 2003 году.",0.9357142857142857,0.776411660296301,0.9357142857142857,True,v5_bayesian_blind_rescue,unchanged
Где у киноринх открывается анальное отверстие?,"У киноринхов анальное отверстие находится на переднем конце тела, сразу после ротовой полости.",0.43902439024390244,0.6430141709475422,0.43902439024390244,False,v5_bayesian_blind_rescue,unchanged
Какой герой рассказа «Минута солнца» предотвращает гибель жука от лап кота Аркашки?,"В рассказе Константина Паустовского «Минуты солнца» главным героем является мальчик по имени Аркашка. Он случайно находит маленького жука и решает поиграть с ним. Однако его игра приводит к тому, что жук оказывается в опасности — он может быть съеден котом. В этот момент появляется другой персонаж — девочка Лена, которая спасает жука от гибели. Она забирает его у Аркашки и относит на безопасное место. Таким образом, именно Лена предотвращает гибель жука от лап кота Аркашки.",0.43902439024390244,0.6206525817087329,0.43902439024390244,False,v5_bayesian_blind_rescue,unchanged
Какое звание было присвоено Нине Афанасьевне Сазоновой 2 марта 1977 года?,2 марта 1977 года Нина Афанасьевна Сазонова была удостоена звания Героя Социалистического Труда.,0.052007338369597936,0.16845950757846476,0.052007338369597936,False,v5_bayesian_blind_rescue,unchanged
Как звали отца Шарипутры?,Отец Шарипутры был по имени Шакьямуни.,0.9357142857142857,0.7693840211365978,0.9357142857142857,True,v5_bayesian_blind_rescue,unchanged
"Какую красную PSP с изображением лица Кратоса на задней панели включила Sony в ограниченное издание God of War: Chains of Olympus, выпущенное 3 июня 2008 года в Северной Америке?","Sony выпустила ограниченное издание игры God of War: Chains of Olympus для PlayStation Portable (PSP) с красной консолью, на которой изображено лицо главного героя Кратоса. Это издание было выпущено 3 июня 2008 года в Северной Америке.",0.05,0.14416779170039265,0.05,False,v5_bayesian_blind_rescue,unchanged
Кто в 1971 году предложил проработать проект модернизации больших противолодочных кораблей проекта 1134-Б с заменой противолодочного ракетного комплекса на противокорабельный ракетный комплекс П-500 «Базальт»?,В 1971 году предложение о проработке проекта модернизации больших противолодочных кораблей проекта 1134-Б с заменой противолодочного ракетного комплекса на противокорабельный ракетный комплекс П-500 «Базальт» было сделано контр-адмиралом Николаем Ивановичем Савушкиным.,0.8725490196078431,0.7810711146070313,0.8725490196078431,True,v5_bayesian_blind_rescue,unchanged
"Какое блюдо из меню учеников в ашраме Махариши в Ришикеше, где находились The Beatles, включало нохут, смешанный с семенами тмина?","Блюдо, которое ученики ашрама Махариши в Ришикеше готовили для себя и гостей, включая The Beatles, называлось ""нохут масала"" или ""нут масала"". Это блюдо состояло из нута (гороха), который был обжарен со специями, такими как семена тмина, кориандр, куркума, имбирь и чеснок.",0.8490566037735849,0.6750746193698398,0.8490566037735849,True,v5_bayesian_blind_rescue,unchanged
Какая функция была первоначально приписана экзосомам до открытий конца 1990-х годов?,"До открытий конца 1990-х годов экзосомы считались клеточными «мусорными баками», которые просто удаляли ненужные вещества из клетки.",0.05,0.1520205323864391,0.05,False,v5_bayesian_blind_rescue,unchanged
"Кто, согласно легенде, считается изобретателем дымного пороха в Европе?","Согласно легенде, изобретателем дымного пороха в Европе считается монах-бенедиктинец Бертольд Шварц (нем. Berthold Schwarz).",0.05,0.17897168136096722,0.05,False,v5_bayesian_blind_rescue,unchanged
Когда был выпущен первый том ранобэ «Fate/Zero» в продажу?,Первый том ранобэ «Fate/Zero» был выпущен в продажу 25 сентября 2013 года.,0.9357142857142857,0.7850827599771263,0.9357142857142857,True,v5_bayesian_blind_rescue,unchanged
Сколько рублей выделила Октябрьская железная дорога на восстановление паровоза серии С?,На восстановление паровоза серии С Октябрьской железной дороги было выделено 100 тысяч рублей.,0.9357142857142857,0.7753352184917276,0.9357142857142857,True,v5_bayesian_blind_rescue,unchanged
Что Бендер принимает в подарок от Клэр в фильме «Клуб «Завтрак»»?,В фильме «Клуб «Завтрак»» Клэр дарит Бендлеру значок с надписью «Я люблю Нью-Йорк».,0.43902439024390244,0.6454066877868329,0.43902439024390244,False,v5_bayesian_blind_rescue,unchanged
"Кто назвал Германское гражданское уложение «конечным продуктом скорее XIX века, нежели начала XX века»?","Германское гражданское уложение было названо «конечным продуктом скорее XIX века, нежели начала XX века», по мнению немецкого юриста Рудольфа фон Иеринга.",0.95,0.808018519669642,0.95,True,v5_bayesian_blind_rescue,unchanged
"В каком комиксе и в каком месяце 1959 года, по мнению историка Крейга Шатта, Марсианский Охотник стал супергероем?","По мнению историка Крейга Шатта, Марсианский Охотник впервые появился как супергерой в комиксе ""Justice League of America"" #1, который вышел в марте 1960 года.",0.8725490196078431,0.7636710289294092,0.8725490196078431,True,v5_bayesian_blind_rescue,unchanged
Какой коэффициент на победу Владимира Кличко в бою с Хасимом Рахманом предлагала букмекерская контора «William Hill»?,"Коэффициент на победу Владимира Кличко в бою с Хасимом Рахманом, который предлагала букмекерская контора «William Hill», составлял 1.35.",0.8571428571428571,0.6917469379591191,0.8571428571428571,True,v5_bayesian_blind_rescue,unchanged
"В каком году лес, ставший Пискарёвским парком, был официально признан пригородным парком?","Лес, который впоследствии стал Пискарёвским парком, был официально признан пригородным парком в 1938 году.",0.9357142857142857,0.7795865131551111,0.9357142857142857,True,v5_bayesian_blind_rescue,unchanged
"В каком году, согласно биографии, возможно, родилась Маргарет Драммонд?","Согласно биографическим данным, Маргарет Драммонд могла родиться в 1750-х годах.",0.8571428571428571,0.7101976557378628,0.8571428571428571,True,v5_bayesian_blind_rescue,unchanged
"Какой исследователь в 1967 году утверждал, что Павсаний был охвачен стремлением к тираническому господству и имел целью завоевание всей Эллады?","В 1967 году британский историк и археолог Джон Бордман утверждал, что Павсаний был охвачен стремлением к тираническому господству и имел целью завоевание всей Эллады.",0.95,0.7960230636073279,0.95,True,v5_bayesian_blind_rescue,unchanged
"Когда была опубликована последняя, 122-я глава фанфика «Гарри Поттер и методы рационального мышления»?","Последняя, 122-я глава фанфика «Гарри Поттер и методы рационального мышления» была опубликована 30 июня 2015 года.",0.28846153846153844,0.20674654192685002,0.28846153846153844,False,v5_bayesian_blind_rescue,unchanged
"В какой стране, согласно книге «Почему одни страны богатые, а другие бедные», принятие закона, отчуждавшего 87% земель у коренных жителей в пользу белых фермеров, привело к формированию «двойственной экономики»?","Согласно книге «Почему одни страны богатые, а другие бедные», принятие закона, отчуждавшего 87% земли у коренных жителей в пользу белых фермеров, привело к формированию «двойственной экономики» в Южной Африке.",0.7142857142857143,0.6548827408407772,0.7142857142857143,True,v5_bayesian_blind_rescue,unchanged
Кто предложил стратегию удержания Фермопильского ущелья сухопутными силами и контроля пролива у мыса Артемисий морскими силами во время вторжения Ксеркса в 480 г. до н. э.?,Стратегию удержания Фермопильского ущелья сухопутными силами и контроля пролива у мыса Артемисий морскими силами во время вторжения Ксеркса в 480 году до нашей эры предложили спартанский царь Леонид I и афинский стратег Фемистокл.,0.05,0.1949402866649487,0.05,False,v5_bayesian_blind_rescue,unchanged
"Кто в экспедиции Нансена и Юхансена следил за двумя нартами, на которых находились каяк и основная часть провианта?","В экспедиции Фритьофа Нансена и Адольфа Эрика Йохансена, которая состоялась в 1893–1896 годах, за двумя нартами, на которых находился каяк и основная часть провианта, следовал **Георг Стубберуд**.",0.9357142857142857,0.7952254717261349,0.9357142857142857,True,v5_bayesian_blind_rescue,unchanged
Какую песню группа Skillet выбрала в качестве заглавного сингла с альбома «Awake»?,"Skillet выбрали песню ""Hero"" в качестве заглавного сингла с альбома ""Awake"".",0.05,0.15889706267594583,0.05,False,v5_bayesian_blind_rescue,blind_recall_rescue_fp
В каком году Wayback Machine стал доступен для общественности?,Wayback Machine был запущен в 2001 году и стал общедоступным с момента своего запуска.,0.28846153846153844,0.5843940687181801,0.28846153846153844,False,v5_bayesian_blind_rescue,evidence_year_delta_boost_fn
Какой музыкальный стиль и творчество американского исполнителя Принса оказали влияние на композиции альбома Body Language Кайли Миноуг?,"## Влияние музыки Принса на альбом «Body Language» Кайли Миноуг

Альбом **«Body Language»** Кайли Миноуг, выпущенный в 1987 году, стал знаковым шагом в её карьере, демонстрируя более зрелый и экспериментальный подход к поп-музыке. Одним из ключевых источников вдохновения для этого альбома стала музыка американского артиста **Принса**. 

### Основные аспекты влияния Принса на «Body Language»

1. **Музыкальные стили**
   - Принс был мастером слияния различных жанров — фанка, ритм-н-блюза, рока и соула. Этот эклектичный подход нашёл отражение в альбоме «Body Language», где Кайли также смешивала элементы поп-музыки с элементами R&B и фанка.
   - Например, трек **“I Don’t Wanna”** демонстрирует ритмическую структуру и звучание, напоминающее фанк-рок, что было характерно для творчества Принса.

2. **Творчество и эксперименты**
   - Принс славился своей способностью экспериментировать с звучанием и структурой песен. Это вдохновило Кайли на смелые музыкальные решения в рамках своего альбома.
   - Альбом включает в себя как танцевальные треки, так и",0.8725490196078431,0.7394632477594554,0.8725490196078431,True,v5_bayesian_blind_rescue,unchanged
В каком году решением Правительствующего сената и манифестом были сняты все обвинения с поручика Оде-де-Сиона по «делу Ружанского»?,Решение о снятии всех обвинений с поручика Оде-де-Сиона по «делу Ружанского» было принято в 1803 году.,0.8490566037735849,0.6974102957757387,0.8490566037735849,True,v5_bayesian_blind_rescue,unchanged
"Какой киновед в 1997 году нашёл в Национальной библиотеке Венгрии книгу 1924 года, содержащую адаптированный сценарий фильма «Смерть Дракулы» (1921)?","В 1997 году киновед Питер Хоббс обнаружил в Национальной библиотеке Венгрии книгу 1924 года, содержащую адаптированный сценарий фильма «Смерть Дракулы» (1921).",0.95,0.7964039926442176,0.95,True,v5_bayesian_blind_rescue,unchanged
Какой городок доступен в базовой версии игры The Sims 3 без дополнений?,"В базовой версии игры The Sims 3 доступны следующие городки:

1. **Оазун-Спрингс** — небольшой городок с разнообразными локациями и возможностями для создания семьи.
2. **Миднайт-Крик** — более крупный городок с большим количеством возможностей для жизни и работы.
3. **Сан-Мигель** — маленький городок с уютной атмосферой и множеством интересных мест.
4. **Бриджпорт** — большой и динамичный город с высоким уровнем жизни и множеством развлечений.
5. **Фонтенбло** — живописный городок с красивой природой и спокойной атмосферой.
6. **Грандвью** — классический американский городок с традиционными домами и улицами.
7. **Луна-Таун** — необычный городок с мистической атмосферой и загадочными местами.
8. **Сэндстоун** — тихий городок с дружелюбными жителями и красивыми пейзажами.
9. **Кристал-Фоллз** — красивый городок с озером и лесом, идеален для любителей природы.
10. **Хейвен-Хилл** — городок с богатой историей и множеством достопримечательностей.

Эти города можно выбрать при создании нового персонажа или загрузить из меню игры.",0.43902439024390244,0.6272757324234542,0.43902439024390244,False,v5_bayesian_blind_rescue,gpt120b_arbitration
"Когда КГБ официально признало, что Левашовская пустошь является местом захоронений жертв политических репрессий?",КГБ официально признал Левашовскую пустошь местом захоронения жертв политических репрессions в 1989 году.,0.09375,0.19014657879913754,0.09375,False,v5_bayesian_blind_rescue,unchanged
Какова численность населения Молдавской Автономной Советской Социалистической Республики по данным переписи 1939 года?,Численность населения Молдавской Автономной Советской Социалистической Республики по данным переписи 1939 года составляла **2 068 475 человек**.,0.28846153846153844,0.20817738228769547,0.28846153846153844,False,v5_bayesian_blind_rescue,unchanged
На какой двигатель был заменён паровой механизм корабля «Фрам» при его переоборудовании в 1909 году?,В 1909 году на корабль «Фрам» был установлен дизельный двигатель вместо парового механизма.,0.05263157894736842,0.168895076745151,0.05263157894736842,False,v5_bayesian_blind_rescue,unchanged
Кто в «Божественной комедии» поместил Марка Юния Брута вместе с Кассием в девятый круг ада?,"В поэме Данте Алигьери «Божественная комедия», написанной в начале XIV века, Марк Юний Брут и Гай Кассий Лонгин были помещены в девятом круге ада, который называется Коцит. В этом кругу находятся предатели, которые нарушили верность своим государям или согражданам.",0.09375,0.20514900485297824,0.09375,False,v5_bayesian_blind_rescue,unchanged
В каком году был создан самостоятельный египетский отдел в Британском музее?,Самостоятельный египетский отдел в Британском музее был создан в 1892 году.,0.8571428571428571,0.716340715601213,0.8571428571428571,True,v5_bayesian_blind_rescue,unchanged
Кто в сюжете «Зачистка» убил Андрея Радова?,В сюжете сериала «Зачистка» Андрей Радов был убит членом банды «Чёрные коты».,0.8490566037735849,0.7134554948323503,0.8490566037735849,True,v5_bayesian_blind_rescue,unchanged
На каком месте по количеству известных переводов на 2017 год находится текст песни «Я не люблю» среди всех произведений Владимира Высоцкого?,"По состоянию на 2017 год, текст песни «Я не люблю» занимает первое место по количеству известных переводов на английском языке среди всех произведений Владимира Высоцкого.",0.8725490196078431,0.7564435589520538,0.8725490196078431,True,v5_bayesian_blind_rescue,unchanged
Кто в 1438 году развернул в Дареме военные действия из-за назначения Роберта Невилла епископом?,В 1438 году в Дареме военные действия были развернуты против епископа Роберта Невилла.,0.8571428571428571,0.7259984956692268,0.8571428571428571,True,v5_bayesian_blind_rescue,unchanged
В каком году Сестрорецк получил статус города?,Сестрорецк получил статус города в 1723 году.,0.8490566037735849,0.6918508304373452,0.8490566037735849,True,v5_bayesian_blind_rescue,evidence_year_delta_boost_fn
В январе 1955 года законопроект о присвоении звания генерала армии был вынесен на рассмотрение Конгресса США в честь какого генерала?,В январе 1955 года законопроект о присвоении звания генерала армии был вынесен на рассмотрение Конгресса США в честь Дугласа Макартура.,0.43902439024390244,0.6427384694695285,0.43902439024390244,False,v5_bayesian_blind_rescue,unchanged
Где утонул султан Рума Кылыч-Арслан I в 1107 году после поражения в битве со своими мятежными эмирами?,Султан Рума Кылыч-Арслан I утонул в реке Гёксу в 1107 году после поражения в битве со своими мятежными эмирами.,0.8571428571428571,0.7129617514510561,0.8571428571428571,True,v5_bayesian_blind_rescue,unchanged
"Какой орган, сконцентрированный на голове рифовой акулы, позволяет ей улавливать электрическое поле?","Рифовая акула обладает органом, называемым ампулами Лоренцини, который расположен в её голове и позволяет ей улавливать электрические поля. Этот орган состоит из специализированных клеток, называемых электро-рецепторами, которые способны обнаруживать даже самые слабые электрические сигналы в воде. Это помогает акуле находить добычу, ощущая электрические импульсы от животных, находящихся поблизости.",0.05,0.15314231872576392,0.05,False,v5_bayesian_blind_rescue,unchanged
В какую органеллу отправляются некоторые белки из шероховатого эндоплазматического ретикулума для дальнейшей модификации?,"Некоторые белки, которые синтезируются на рибосомах шероховатого эндоплазматического ретикулума (ЭР), направляются в аппарат Гольджи для дальнейшей модификации и сортировки. В частности, белки проходят через несколько стадий обработки в аппарате Гольджи, включая гликозилирование, фосфорилирование и другие посттрансляционные модификации. После этого они могут быть направлены к различным местам назначения внутри клетки или секретированы за её пределы.",0.05,0.14726607818483436,0.05,False,v5_bayesian_blind_rescue,unchanged
Кого профессор Франческо-Аллесио Урсини назвал главным влиянием на художественный стиль и сеттинг манги «JoJo’s Bizarre Adventure»?,Профессор Франческо-Аллесио Урсини назвал главным влиянием на художественный стиль и сеттинг манги «JoJo’s Bizarre Adventure» работы художника Осаму Тэдзуки.,0.6461538461538462,0.6642938830974799,0.6461538461538462,True,v5_bayesian_blind_rescue,unchanged
Кто в 1304 году осадил восставшего Чахиоглу в замке Девелухисар вместе с монгольским войском?,В 1304 году осада восставшего Чахиоглу в замке Девелухисар была проведена совместно турецким султаном Османом I и монгольским ханом Газаном.,0.8490566037735849,0.7083102804281167,0.8490566037735849,True,v5_bayesian_blind_rescue,unchanged
В каком городе и штате США состоялась мировая премьера фильма «Люди Икс: Начало. Росомаха»?,"Мировая премьера фильма «Люди Икс: Начало. Росомаха» состоялась в Лос-Анджелесе, штат Калифорния, США.",0.28846153846153844,0.594507606863677,0.28846153846153844,False,v5_bayesian_blind_rescue,gpt120b_arbitration
"Когда в Норвегии был выпущен первый почтовый блок, посвящённый столетию «Почтового рожка»?","Первый почтовый блок, посвященный столетию «Почтового рожка», был выпущен в Норвегии 15 сентября 1974 года.",0.8490566037735849,0.6965344653405735,0.8490566037735849,True,v5_bayesian_blind_rescue,unchanged
В каком году Юрий Гагарин был удостоен воинского звания майор?,Юрий Гагарин получил звание майора в 1963 году.,0.8490566037735849,0.6973847635892958,0.8490566037735849,True,v5_bayesian_blind_rescue,unchanged
Какова площадь озера Тоба вместе с островами Самосир и Пардапур?,Площадь озера Тоба вместе с островами Самосир и Пардапур составляет примерно 1079 квадратных километров.,0.28846153846153844,0.2293527817658404,0.28846153846153844,False,v5_bayesian_blind_rescue,unchanged
Когда Илона Монтаг вышла замуж за Белу Лугоши?,Илона Монтаг и Бела Лугоши поженились 15 ноября 1923 года в Будапеште.,0.9357142857142857,0.7882633821185419,0.9357142857142857,True,v5_bayesian_blind_rescue,unchanged
Какое английское название получила картина «Оттепель» Фёдора Васильева в официальном каталоге выставки 1872 года?,"Картина Фёдора Васильева под названием «Оттепель» была представлена на выставке в 1872 году и имела официальное английское название ""Thaw"".",0.8571428571428571,0.6944761132104539,0.8571428571428571,True,v5_bayesian_blind_rescue,unchanged
В каком году Чак Паланик окончил факультет журналистики Орегонского университета?,Чак Паланик окончил факультет журналистики Орегонского университета в 1986 году.,0.05263157894736842,0.1852599428760167,0.05263157894736842,False,v5_bayesian_blind_rescue,unchanged
В каком году после смерти Узун-Гасана Феодора Великая Комнина перестала упоминаться в документах?,"Феодор Великая Комнина перестала упоминаться в документах в 1478 году, через год после смерти Узун-Гасана.",0.8571428571428571,0.7294688370344868,0.8571428571428571,True,v5_bayesian_blind_rescue,unchanged
В каком месяце 1984 года компания America West Airlines впервые показала прибыльные результаты?,Компания America West Airlines впервые показала прибыльные результаты в **июне** 1984 года.,0.95,0.7907019997204573,0.95,True,v5_bayesian_blind_rescue,unchanged
Какой класс светимости на диаграмме Герцшпрунга — Рассела обозначается римской цифрой V?,"Класс светимости на диаграмме Герцшпрунга — Рассела, обозначаемый римской цифром V, называется **главной последовательностью**.",0.28846153846153844,0.19296473947634277,0.28846153846153844,False,v5_bayesian_blind_rescue,unchanged
Какое событие стало последним для Алана Дзагоева за сборную России?,Последним матчем за национальную сборную России для Алана Дзагоева стал матч против сборной Франции в рамках Лиги наций УЕФА 2019 года. Этот матч состоялся 7 сентября 2019 года и завершился победой сборной России со счётом 3:1.,0.8571428571428571,0.694030894800251,0.8571428571428571,True,v5_bayesian_blind_rescue,unchanged
Когда состоялось открытие трамвайного движения в Челябинске?,Трамвайное движение в Челябинске было открыто 16 октября 1934 года.,0.09375,0.1962880330403155,0.09375,False,v5_bayesian_blind_rescue,unchanged
"Какой альбом из «Берлинской трилогии» Дэвида Боуи был единственным, полностью записанным в Берлине?","Единственным альбомом из «Берлинской трилогии», который был полностью записан в Берлине, является **«Low»** (1977).",0.9357142857142857,0.7579608398892832,0.9357142857142857,True,v5_bayesian_blind_rescue,unchanged
"Кто командовал федеральными пикетами у переправы Маккой-Форд, которые были атакованы и рассеяны отрядом лейтенанта Хокспилла Филлипса во время Второго рейда Стюарта вокруг Макклеллана?","Федеральные пикеты у переправы Маккой-Форд, которые были атакованы и рассеяны отрядом лейтенанта Хокспилла Филлипса во время Второго рейда Стюарта вокруг Макклеллана, возглавлял полковник Джон Б. Уотсон.",0.9357142857142857,0.7840355547397818,0.9357142857142857,True,v5_bayesian_blind_rescue,unchanged
Какая сцена изображена на внутренней стороне левого крыла алтаря Святой Марии в дортмундской церкви Святой Марии?,"На внутренней стороне левого крыла алтаря Святой Марии в Дортмундской церкви Святой Марии изображена сцена ""Распятие Христа"".",0.6461538461538462,0.642578896581449,0.6461538461538462,True,v5_bayesian_blind_rescue,unchanged
"Кто командовал британским отрядом, захватившим перевал Пейвар-Котал 2 декабря 1878 года во время Сражения за перевал Пейвар-Котал?","Командиром британского отряда, захватившего перевал Пейвар-Котал 2 декабря 1878 года во время Сражения за перевал Пейвар-Котал, был генерал-майор сэр Фредерик Робертс.",0.8725490196078431,0.7636758695358683,0.8725490196078431,True,v5_bayesian_blind_rescue,unchanged
"В каком году Леонард Эйлер опубликовал в журнале «Commentarii Academiae Scientiarum Imperialis Petropolitanae» заметку «О суммах обратных рядов», содержащую решение задачи о сумме ряда обратных квадратов?","Леонард Эйлер опубликовал свою знаменитую работу ""О суммах обратных рядов"" в 1734 году в журнале ""Commentarii Academiae Scientiarum Imperialis Petropolitanae"". В этой работе он решил задачу о сумме ряда обратных квадратов, показав, что эта сумма равна π²/6.",0.28846153846153844,0.2843630983307243,0.28846153846153844,False,v5_bayesian_blind_rescue,unchanged
Кто в 224 году пришёл к власти в Иране как основатель династии Сасанидов?,"В 224 году к власти в Иране пришёл Ардашир I, который стал основателем династии Сасанидов.",0.09375,0.2045099430879156,0.09375,False,v5_bayesian_blind_rescue,unchanged
Сколько спутников Сатурна было известно по состоянию на октябрь 2019 года?,По состоянию на октябрь 2019 года было известно около 83 естественных спутника Сатурна.,0.8571428571428571,0.7319899365003382,0.8571428571428571,True,v5_bayesian_blind_rescue,unchanged
В честь какого генерал-фельдмаршала был назван линейный крейсер «Макензен»?,Линейный крейсер «Макензен» был назван в честь немецкого фельдмаршала Эриха фон Макензена.,0.1111111111111111,0.20164818523605646,0.1111111111111111,False,v5_bayesian_blind_rescue,unchanged
В каком году был построен Троицкий собор в Троице-Сергиевой лавре?,Троицкий собор в Троице-Сергиевой лавре был построен в 1423 году.,0.8725490196078431,0.7594322263641774,0.8725490196078431,True,v5_bayesian_blind_rescue,unchanged
В какие годы Елизавета Алексеевна Арсеньева везла внука Михаила Лермонтова на Кавказ для восстановления его здоровья?,"Елизавета Алексеевна Арсеньева неоднократно возила своего внука Михаила Юрьевича Лермонтова на Кавказ с целью улучшения его здоровья. В частности, она привезла его в Пятигорск и Кисловодск в 1820 году, когда ему было около 13 лет. Эти поездки были связаны с тем, что у Лермонтова были проблемы со здоровьем, включая частые простуды и головные боли.",0.8725490196078431,0.7366146193417474,0.8725490196078431,True,v5_bayesian_blind_rescue,unchanged
Какого рейтинга Ассоциация кинокомпаний присвоила фильму «Человек-паук 2»?,Фильм «Человек-паук 2» получил рейтинг PG-13 от Ассоциации кинокомпаний (MPAA).,0.05,0.16260836815963167,0.05,False,v5_bayesian_blind_rescue,unchanged
"Кто был помощником адвоката защиты, получившего должность генерального солиситора после суда над Эрнстом Парком в скандале вокруг борделя на Кливленд-стрит?","Помощником адвоката защиты, который получил должность генерального солиситора после суда над Эрнстом Парком в скандале вокруг борделя на Кливленд-стрит, был сэр Эдвард Кларк.",0.9357142857142857,0.7839067169958707,0.9357142857142857,True,v5_bayesian_blind_rescue,unchanged
Кого В. Г. Фёдоров предположил автором «Слова о полку Игореве»?,"В. Г. Фёдоров предположил, что автором «Слова о полку Игореве» был киевский князь Святослав Ярославич.",0.8725490196078431,0.7539117633666451,0.8725490196078431,True,v5_bayesian_blind_rescue,unchanged
"Сколько исков против компаний BP, Transocean Ltd., Cameron International и других аффилированных компаний было подано в суды штатов Луизиана, Техас, Алабама, Флорида и Миссисипи по состоянию на август 2010 года в связи с аварией на нефтяной платформе Deepwater Horizon?","По состоянию на август 2010 года, после аварии на нефтяной платформе Deepwater Horizon, было подано более 350 исков против компаний BP, Transocean Ltd., Cameron International и других аффилированных компаний в судах штатов Луизиана, Техас, Алабама, Флорида и Миссисипи.",0.8725490196078431,0.747333436462628,0.8725490196078431,True,v5_bayesian_blind_rescue,unchanged
"Кто является автором поэмы «Вопль», считающейся самым известным произведением бит-поколения?",Автором поэмы «Вопль» считается Аллен Гинзберг.,0.05,0.17790157135739415,0.05,False,v5_bayesian_blind_rescue,unchanged
Кто одержал решительную победу в битве под Ярославлем в ходе Войны за объединение Галицко-Волынского княжества в 1245 году?,В битве под Ярославлем в 1245 году одержала победу коалиция князей во главе с Даниилом Романовичем Галицким против монгольских войск и их союзников.,0.8571428571428571,0.7237861128422655,0.8571428571428571,True,v5_bayesian_blind_rescue,unchanged
Какой орган власти в Соединённых княжествах Молдавии и Валахии являлся высшим исполнительным органом?,В Соединённом княжестве Молдавии и Валахии высшим исполнительным органом был **Совет министров**.,0.28846153846153844,0.19377145600476928,0.28846153846153844,False,v5_bayesian_blind_rescue,unchanged
"Как в мозаиках Палатинской капеллы, изображающих Крещение Господне, выглядит река Иордан из-за отсутствия перспективы?","В мозаиках Палатинской капеллы, изображающих Крещение Господне, река Иордан представлена без использования перспективы. Это означает, что изображение реки не имеет глубины и объема, а все элементы расположены на одной плоскости. Река Иордан показана как плоская линия, проходящая через композицию мозаики.",0.05,0.15281732531189718,0.05,False,v5_bayesian_blind_rescue,blind_recall_rescue_fp
Какой брак в середине XII века привёл к переходу винодельческого региона Бордо под власть английской короны и способствовал распространению понятия «кларет» в Англии?,"В середине XII века произошел брак между Алиенорой Аквитанской и Генрихом II Плантагенетом, который привел к переходу винодельческого региона Бордо под власть английской короны. Этот брак стал одним из ключевых событий, которые привели к возникновению огромной империи Плантагенетов, включавшей Англию, большую часть Франции и другие территории. В результате этого брака английские монархи стали владеть огромными территориями во Франции, включая регион Бордо, известный своими высококачественными винами.",0.05,0.16097957342122857,0.05,False,v5_bayesian_blind_rescue,unchanged
В каком году Малавский султанат был окончательно включён в состав Империи Великих Моголов?,Малавский султанат был окончательно включён в состав Империи Великих Моголов в 1598 году.,0.9357142857142857,0.7741250699732941,0.9357142857142857,True,v5_bayesian_blind_rescue,unchanged
В каком году в здании управления Угличской ГЭС был открыт музей российской гидроэнергетики?,Музей российской гидроэнергетики был открыт в 2015 году в здании управления Угличской ГЭС.,0.9357142857142857,0.7806810660559337,0.9357142857142857,True,v5_bayesian_blind_rescue,unchanged
Каково общее количество марок в марочном листе размером 10×10?,Марочный лист размером 10×10 содержит 100 марок.,0.05,0.17605367090925625,0.05,False,v5_bayesian_blind_rescue,unchanged
Какой вид головоногих моллюсков входит в рацион узкозубой акулы?,"В рацион узкозубой акулы входят различные виды головоногих моллюсков, такие как кальмары и осьминоги.",0.1111111111111111,0.1870319893535981,0.1111111111111111,False,v5_bayesian_blind_rescue,unchanged
"Как называется ранний образ Шивы, который зародился во II—I веках до н. э. и представлен статуей Шива-линга-мурти из Гудималлама?","Ранний образ Шивы, который зародился во II—I веках до н. э. и представлен статуей Шива-линга-мурти из Гудималлама, называется **Шива-лингам**.",0.9357142857142857,0.7733119568843806,0.9357142857142857,True,v5_bayesian_blind_rescue,unchanged
"Каким товаром, использовавшимся также в качестве валюты, торговали майя, доставляя его на рынок на каноэ или в корзинах на спинах?","Товаром, который использовали майя как валюту и доставляли на рынок на каноэ или в корзинах на спинах, были какао-бобы.",0.09375,0.19071414128204225,0.09375,False,v5_bayesian_blind_rescue,unchanged
"Кто командовал Кавказским корпусом в августе, когда было принято решение снять осаду Эривани и отойти в горы?",В августе 1827 года Кавказский корпус под командованием генерала Ивана Паскевича принял решение снять осаду Эривани и отойти в горы.,0.8571428571428571,0.7411363159731855,0.8571428571428571,True,v5_bayesian_blind_rescue,unchanged
Кто написал предисловие под заглавием «Объективность и субъективность в поэзии» к первому сборнику стихов Марии Людвиговны Моравской «На пристани»?,Предисловие под заглавием «Объективность и субъективность в поэзии» к первому сборнику стихов Марии Людвиговны Моравской «На пристани» было написано Максимом Горьким.,0.8725490196078431,0.7806816940180378,0.8725490196078431,True,v5_bayesian_blind_rescue,unchanged
Какова средняя влажность воздуха в городе Беэр-Шева?,"## Средняя влажность воздуха в городе Беэр-Шева

### Общая информация о климате Беэр-Шевы

Беэр-Шева — город на юге Израиля, расположенный в пустыне Негев. Климат здесь характеризуется жарким летом и мягкой зимой. Влажность воздуха может значительно варьироваться в зависимости от сезона и времени суток.

### Средние показатели влажности

Средняя относительная влажность воздуха в Беэр-Шеве составляет примерно **50–60%** круглый год. Однако эти значения могут меняться в течение дня и по сезонам:

- Летом (июнь-август): влажность обычно снижается до 30–40%, особенно во второй половине дня.
- Зимой (декабрь-февраль): влажность возрастает до 60–70%.

### Факторы, влияющие на влажность

1. **Сезонные изменения**: Лето — сухой сезон, зима — более влажный период.
2. **Время суток**: Утром влажность выше, чем днём, когда воздух прогревается и испарение увеличивается.
3. **Географическое положение**: Близость к пустынным районам влияет на общую сухость воздуха.

---

Таким образом, средняя влажность воздуха в Беэр-Шеве колеблется в пределах **50–60",0.28846153846153844,0.22184785035754293,0.28846153846153844,False,v5_bayesian_blind_rescue,unchanged
"Кого из стран Антанты выбрал Сан-Джулиано для переговоров в августе 1914 года, поскольку его правительство было единственным, которому маркиз действительно доверял?","В августе 1914 года, во время Первой мировой войны, Италия объявила о своем нейтралитете и начала переговоры с союзниками по Антанте. Однако, несмотря на это, итальянский министр иностранных дел Сидонио Сан-Джулиано решил выбрать одну страну для проведения переговоров, так как он был уверен, что ее правительство является наиболее надежным и заслуживающим доверия.

Сан-Джулиано выбрал Францию для проведения этих переговоров. Он считал, что Франция была наиболее подходящей страной для этого, потому что она имела тесные связи с Италией и была готова поддержать итальянские интересы. Кроме того, Франция была одной из основных участников Антанты, что делало ее важным партнером в переговорах.

Таким образом, Сан-Джулиано выбрал Францию для проведения переговоров в августе 1914 года, основываясь на своих убеждениях о надежности и готовности Франции поддерживать итальянские интересы.",0.43902439024390244,0.6498893412555796,0.43902439024390244,False,v5_bayesian_blind_rescue,unchanged
Какую площадь в Центральном районе Твери называют бывшей Восьмиугольной площадью?,Бывшую Восьмиугольную площадь в Центральном районе Твери теперь называют **Тракторной площадью**.,0.95,0.8041799192866658,0.95,True,v5_bayesian_blind_rescue,unchanged
Кем была выдвинута идея создания Американского музея естественной истории в 1861 году?,Идея создания Американского музея естественной истории была выдвинута натуралистом и ученым Александром Агассисом в 1861 году.,0.05,0.15477747604705208,0.05,False,v5_bayesian_blind_rescue,unchanged
"В какой суннитской школе исламского права жертва изнасилования могла обратиться в суд, так как это преступление рассматривалось не только как нарушение божественных предписаний, но и как имущественное?","В суннитском праве существует несколько школ, каждая из которых имеет свои особенности в трактовке преступлений против личности, включая изнасилование. Однако, если рассматривать вопрос относительно возможности жертвы изнасилования обратиться в суд, то наиболее подходящей является школа **ханбалитского мазхаба**.

### Ханбалитский мазхаб

Ханбалиты рассматривают изнасилование не только как нарушение божественных предписаний, но и как преступление, нарушающее право собственности на тело человека. В этом контексте жертва может обратиться в суд для защиты своих прав и получения компенсации за причинённый ущерб.

#### Ключевые аспекты ханбалитского подхода:
1. **Имущественный аспект**: Изнасилование рассматривается как посягательство на собственность жертвы, что позволяет ей подать иск в суд.
2. **Божественные предписания**: Помимо имущественного аспекта, изнасилование также считается нарушением божественных законов, что усиливает ответственность виновного.
3. **Право на компенсацию**: Жертва имеет право требовать возмещения ущерба, который включает моральный вред и другие последствия преступления.

Таким образом, в рамках ханбалитского мазхаба жертва изнасилования действительно может обратиться в суд, чтобы защитить свои права и получить справедливую компенсацию.",0.28846153846153844,0.5541528674857764,0.28846153846153844,False,v5_bayesian_blind_rescue,unchanged
Кто является самым крупносерийным типом надводного боевого корабля с полным водоизмещением более 5000 тонн за всю послевоенную историю флота на май 2010 года?,"Самым крупносерийным типом надводного боевого корабля с полным водоизмещением более 5000 тонн за всю послевоенную историю флота на май 2010 года является американский эсминец класса ""Арли Бёрк"" (Arleigh Burke-class destroyer).",0.8636363636363636,0.7591831765485421,0.8636363636363636,True,v5_bayesian_blind_rescue,unchanged
"В какое время года, обычно в конце июля, после периода латентного лёта, бабочки тополёвого ленточника вновь начинают встречаться, но исключительно в виде самок?","Обычно бабочки тополёвого ленточника встречаются в конце лета, примерно в августе-сентябре, а не в июле. В это время они могут быть как самцами, так и самками.",0.6461538461538462,0.6342852931198376,0.6461538461538462,True,v5_bayesian_blind_rescue,unchanged
"Кто дал название закону больших чисел, доказанному Якобом Бернулли в трактате «Искусство предположений»?","Название ""закон больших чисел"" было дано французским математиком Симоном Пуассоном в 1837 году.",0.28846153846153844,0.22441007479258732,0.28846153846153844,False,v5_bayesian_blind_rescue,unchanged
В каком году курорт Аршан стал курортом федерального значения?,Курорт Аршан в Республике Бурятия был признан курортом федерального значения в 1970 году.,0.95,0.7898627488345785,0.95,True,v5_bayesian_blind_rescue,unchanged
В каком году умер Даниил Семёнович Данин?,Даниил Семёнович Данин скончался 18 ноября 2000 года.,0.95,0.7911599428190487,0.95,True,v5_bayesian_blind_rescue,unchanged
В декабре 2025 года были запущены четыре спутника-демонстратора с каким названием для длительных экспериментов на сверхнизкой орбите?,"Спутники-демонстраторы, запущенные в декабре 2025 года для проведения длительных экспериментов на сверхнизкой орбите, получили название **""Сфера"".**",0.9357142857142857,0.767961523025524,0.9357142857142857,True,v5_bayesian_blind_rescue,unchanged
Кто создал американский комедийный мультсериал «Южный Парк»?,Американский комедийный мультсериал «Южный Парк» был создан двумя братьями Трейем Паркером и Мэттом Стоуном.,0.9357142857142857,0.7922770820458479,0.9357142857142857,True,v5_bayesian_blind_rescue,unchanged
"Как называлась организация сторонников Пифагора, сформировавшаяся в греческой колонии Кротон?","Организация сторонников Пифагора, сформировавшаяся в греческой колонии Кротон, называлась пифагорейским союзом или пифагорейской школой.",0.05,0.1819870726957049,0.05,False,v5_bayesian_blind_rescue,unchanged
"Кто в понедельник, 2 января 1497 года, посетил церковь Санта-Мария-делле-Грацие и молился у могилы Бьянки Сфорца?","В понедельник, 2 января 1497 года, церковь Санта-Мария-делле-Грацие посетила Изабелла д'Эсте, принцесса из Мантуи. Она пришла туда, чтобы помолиться у могилы Бьянки Сфорцы, которая была её соперницей за внимание герцога Лодовико Сфорца.",0.8571428571428571,0.7511888753514991,0.8571428571428571,True,v5_bayesian_blind_rescue,unchanged
Кем является главный антагонист в игре God of War (2005)?,"Главный антагонист игры ""God of War"" 2005 года — это бог войны Арес. Он выступает как основной противник главного героя Кратоса и играет ключевую роль в сюжете игры.",0.05,0.16839411253030656,0.05,False,v5_bayesian_blind_rescue,unchanged
Какое значение термина «Нохчий» приводит С. М. Броневский в работе «Новѣйшія географическія и историческія извѣстія о Кавказѣ» (Часть II) 1823 года?,В своей работе «Новѣйшія географическія и историческія извѣстія о Кавказѣ» (Часть II) 1823 года С. М. Броневский использует термин «Нохчий». В контексте его работы этот термин относится к чеченцам.,0.8490566037735849,0.6725709806369892,0.8490566037735849,True,v5_bayesian_blind_rescue,unchanged
"В каком году песня «Stay (Faraway, So Close!)» группы U2 поступила в продажу на международном уровне в качестве третьего сингла альбома Zooropa?","Песня «Stay (Faraway, So Close!)» группы U2 поступила в продажу на международном уровне в качестве третьего сингла альбома Zooropa в 1993 году.",0.1111111111111111,0.20261172967174979,0.1111111111111111,False,v5_bayesian_blind_rescue,unchanged
В каком году кашмирский козёл Уильям Виндзор был понижен в должности до стрелка-фузилёра за неподобающее поведение на торжествах по случаю Дня рождения Королевы на Кипре?,Кашмирский козёл Уильям Виндзор был понижен в должности до стрелка-фузилёра в 2015 году за неподобающее поведение на торжествах по случаю Дня рождения Королевы на Кипре.,0.8725490196078431,0.7534231690960563,0.8725490196078431,True,v5_bayesian_blind_rescue,unchanged
"Кто в 1959 году нашёл Филиппа Федотовича Шкарина, который помог подтвердить авторство Алексея Мерцалова над произведением «Пальма Мерцалова»?","В 1959 году Филипп Федотович Шкариным был найден и опознан как автор произведения «Пальма Мерцалова», которое ранее приписывалось Алексею Мерцалову.",0.8490566037735849,0.7165436582732458,0.8490566037735849,True,v5_bayesian_blind_rescue,unchanged
Когда было подписано постановление Государственного комитета обороны СССР № 2484-с «О строительстве средних и малых гидростанций первой очереди на реках Урала»?,Постановление Государственного комитета обороны СССР № 2484-с «О строительстве средних и малых гидростанций первой очереди на реках Урала» было подписано 17 ноября 1943 года.,0.8725490196078431,0.7618428889018688,0.8725490196078431,True,v5_bayesian_blind_rescue,unchanged
"Какое название носит фотография Фрэнка Мидоу Сатклиффа, датируемая 1885 годом по мнению Гэри Майкла Долта и Джейн Коркин, но известная в их книге под названием «Возбуждение»?","Фотография Фрэнка Мидоу Сатклиффа, датируемая 1885 годом, известна как «Возбуждение».",0.95,0.7773094710463742,0.95,True,v5_bayesian_blind_rescue,unchanged
"В каком году был объявлен банкротом разработчик компьютерных игр, чьи права на серию Fate/Extra перешли к компании Marvelous Entertainment?","Разработчиком серии Fate/Extra является компания DeNA, которая объявила о банкротстве в 2015 году.",0.9357142857142857,0.7754516250357669,0.9357142857142857,True,v5_bayesian_blind_rescue,unchanged
"Кем стал Стасандр, назначенный сатрапом Арии и Дрангианы на разделе в Трипарадисе, по отношению к Стасанору?",Стасандр стал сатрапом Арии и Дрангианы после раздела власти в Трипарадисе.,0.8571428571428571,0.7071958669838007,0.8571428571428571,True,v5_bayesian_blind_rescue,unchanged
"В каком году Верховный суд США постановил, что журнал «One» может распространяться по почте из-за непрозрачной упаковки?","Верховный суд США постановил в 1958 году, что журнал «One» может распространяться по почте благодаря непрозрачной упаковке.",0.9357142857142857,0.7723161286993276,0.9357142857142857,True,v5_bayesian_blind_rescue,unchanged
"Как называется процесс ограничения энергии дискретными значениями, который М. Планк использовал для объяснения излучения абсолютно чёрного тела?","Процесс ограничения энергии дискретными значениями, который М. Планк использовал для объяснения излучения абсолютно чёрного тела, называется **квантование энергии**.",0.05,0.18216426612662304,0.05,False,v5_bayesian_blind_rescue,unchanged
Кому была присуждена победа единогласным судейским решением в поединке между Владимиром Кличко и Султаном Ибрагимовым?,Победу единогласным судейским решением в поединке между Владимиром Кличко и Султаном Ибрагимовым одержал Владимир Кличко.,0.1111111111111111,0.20071816626633424,0.1111111111111111,False,v5_bayesian_blind_rescue,unchanged
"Кто, согласно гипотезе английских учёных Г. Парка и Д. Уормелла, был назван пифией самым мудрым человеком в период до 431 года до н. э.?","Согласно гипотезе английских учёных Г. Парка и Д. Уормелла, самым мудрым человеком в период до 431 года до н. э. был назван Сократ.",0.8571428571428571,0.7230558093906,0.8571428571428571,True,v5_bayesian_blind_rescue,unchanged
В каком году в ходе XV Маккабиады из-за падения пешеходного моста в реку Яркон погибло 4 человека и пострадало 35?,1972 год,0.8725490196078431,0.7500761575872837,0.8725490196078431,True,v5_bayesian_blind_rescue,unchanged
Кто командовал византийскими войсками во время осады Рима (537—538)?,Во время осады Рима в 537–538 годах византийскими войсками командовал Велизарий.,0.05,0.19123174956233066,0.05,False,v5_bayesian_blind_rescue,unchanged
Кто был коллегой Гнея Домиция Кальвина по консулату в 53 году до н. э.?,Гней Домиций Кальвин и Марк Эмилий Лепид были коллегами по консульству в 53 году до нашей эры.,0.05263157894736842,0.20050818569482906,0.05263157894736842,False,v5_bayesian_blind_rescue,unchanged
Какой экзоном кодируется шарнирный участок андрогенового рецептора?,"## Экзоном кодирующий шарнирный участок андрогенового рецептора

### Общая информация о структуре и функции андрогенового рецептора

Андрогеновый рецептор (АР) — это ядерный гормональный рецептор, который играет ключевую роль в развитии и поддержании мужских половых признаков. Он состоит из нескольких доменов, каждый из которых выполняет специфическую функцию:

1. **Аминотерминальный домен** — отвечает за связывание с лигандами (андрогенами) и транскрипционную активность.
2. **Центральный ДНК-связывающий домен** — содержит два цинковые пальцы, которые обеспечивают специфическое связывание с ДНК.
3. **Шарнирный участок** — соединяет центральный домен с С-концевым трансактивирующим доменом.
4. **С-концевой трансактивирующий домен** — участвует в регуляции экспрессии генов-мишеней.

### Шарнирный участок и его экзонное кодирование

Шарнирный участок андрогенового рецептора представляет собой гибкую область, которая позволяет изменять конформацию белка при взаимодействии с лигандом. Этот участок включает в себя несколько экзонов, среди которых наиболее значимым является **экзон 6**.
",0.43902439024390244,0.6150694999022953,0.43902439024390244,False,v5_bayesian_blind_rescue,gpt120b_arbitration
"Кто был наместником Македонии, потерпевшим поражение от Леосфена и вынужденным укрыться в Ламии?","Наместник Македонии, потерпевший поражение от Леосфена и вынужденный укрыться в Ламии, — это Антигон Одноглазый.",0.95,0.8195998228739519,0.95,True,v5_bayesian_blind_rescue,unchanged
"В каком спектакле, написанном по мотивам «Евгения Онегина», Тель-Авив представлен несерьёзным и полным жизни?","Спектакль, в котором Тель-Авив представлен несерьёзным и полным жизни городом, — это «Онегин» в постановке Романа Виктюка. В этой постановке город показан как место, где жизнь кипит, а люди живут настоящим моментом, что контрастирует с более серьёзными и меланхоличными образами других персонажей.",0.8490566037735849,0.6821733135994483,0.8490566037735849,True,v5_bayesian_blind_rescue,unchanged
"Сколько лет длился контракт, который Эрик Брюэр подписал с «Сент-Луис Блюз» 24 февраля 2007 года?",Эрик Брюэр подписал контракт с «Сент-Луис Блюз» на **5 лет**.,0.09375,0.1957819209262821,0.09375,False,v5_bayesian_blind_rescue,unchanged
Кто перевёл текст композиции «Victory Theme» из игры Final Fantasy XVI на древнегреческий язык?,Перевод текста композиции «Victory Theme» из игры Final Fantasy XVI на древнегреческий язык был выполнен автором перевода и лингвистом **Элеонорой Клеменс**.,0.8636363636363636,0.7543388309779635,0.8636363636363636,True,v5_bayesian_blind_rescue,unchanged
Какой город наиболее часто связывают с образом Вавилонской блудницы в Откровении согласно толкованию Б. Бауэра и советских историков религии?,"Город, который чаще всего ассоциируется с образом Вавилонской блудницы в Откровении Иоанна Богослова, по мнению немецкого теолога Карла Барта и советского историка религии Александра Щуцкого, — это Рим.",0.95,0.7823993301295693,0.95,True,v5_bayesian_blind_rescue,unchanged
"Какой срок жизни Исаак Ньютон посвятил алхимическим исследованиям, согласно призыву Ричарда Уэстфолла 1975 года не недооценивать их?",Исаак Ньютон посвятил примерно 30 лет своей жизни алхимическим исследованиям.,0.9357142857142857,0.7486442116726598,0.9357142857142857,True,v5_bayesian_blind_rescue,unchanged
"В какой организации Элеонора Исааковна Лившиц, жена Эммануила Григорьевича Иоффе, работала куратором в 2000-е годы?","Элеонора Исааковна Лившиц, жена Эммануила Григорьевича Иоффе, работала куратором в 2000-е годы в Государственном Эрмитаже.",0.95,0.7730546083004669,0.95,True,v5_bayesian_blind_rescue,unchanged
В каком году были пущены гидроагрегаты Верхне-Свирской ГЭС имени С. А. Казарова?,Гидроагрегаты Верхне-Свирской ГЭС имени С. А. Казарова были пущены в 1958 году.,0.8725490196078431,0.7615213642576224,0.8725490196078431,True,v5_bayesian_blind_rescue,unchanged
"Какой фильм, по словам самого Бена Аффлека, он «сильно ненавидит» и назвал «немного глуповатым»?","По словам самого Бена Аффлека, он сильно ненавидит и называет немного глуповатым свой собственный фильм «Джо Грязь».",0.6461538461538462,0.633495094278205,0.6461538461538462,True,v5_bayesian_blind_rescue,unchanged
Какой тип перелома лучевой кости в типичном месте встречается в 70 % случаев?,Перелом лучевой кости в типичном месте чаще всего происходит по типу «перелома Коллеса». Этот перелом характеризуется смещением дистального фрагмента к тыльной стороне предплечья после падения на вытянутую руку с упором на ладонь.,0.05,0.16560406321589682,0.05,False,v5_bayesian_blind_rescue,unchanged
Сколько раз переделывался портрет при создании воссозданного памятника Петру I в Воронеже?,При создании воссозданного памятника Петру I в Воронеже было произведено три попытки создания скульптуры.,0.43902439024390244,0.6377606859471494,0.43902439024390244,False,v5_bayesian_blind_rescue,unchanged
Когда была осуществлена депортация карачаевцев?,Депортация карачаевского народа произошла 2 ноября 1943 года.,0.09375,0.19617904814190815,0.09375,False,v5_bayesian_blind_rescue,unchanged
"К кому обратился Бертран, граф Тулузы, с просьбой разрешить спор о наследстве Раймунда, чтобы избежать большого сражения с Гийомом Иорданом и Танкредом?","Бертран, граф Тулузы, обратился к Папе Римскому Иннокентию II с просьбой разрешить спор о наследстве Раймунда, чтобы избежать большого сражения с Гийомом Иорданом и Танкредом.",0.28846153846153844,0.23025784856287754,0.28846153846153844,False,v5_bayesian_blind_rescue,unchanged
Какой курс указал диспетчер рейсу 663 в 18:25 во время Катастрофы DC-7 под Нью-Йорком?,"Диспетчер рейса 663 не указывал никакой курс, так как рейс 663 был отменен из-за погодных условий и не выполнялся в указанное время.",0.8571428571428571,0.6906852649772498,0.8571428571428571,True,v5_bayesian_blind_rescue,unchanged
Кто в ноябре 1952 года провёл переговоры с Югославией от имени США в качестве заместителя главнокомандующего вооружёнными силами США в Европе?,В ноябре 1952 года заместитель главнокомандующего вооружёнными силами США в Европе генерал Лесли Гровс провёл переговоры с Югославией.,0.8571428571428571,0.7299997594802895,0.8571428571428571,True,v5_bayesian_blind_rescue,unchanged
На каких растениях питаются гусеницы тутового шелкопряда?,Гусеницы тутового шелкопряда питаются листьями шелковицы (тутовника).,0.09375,0.19959892839380602,0.09375,False,v5_bayesian_blind_rescue,unchanged
"Как назывались смотры коров, которые проводились на острове Мадура и послужили основой для создания сапи-сонока?","Смотры коров, проводившиеся на острове Мадура, назывались **«сапо»**.",0.09375,0.1883265362005715,0.09375,False,v5_bayesian_blind_rescue,unchanged
"В какой локации, доступной в дополнении Horizon Forbidden West: Burning Shores, находятся достопримечательности Лос-Анджелеса, включая знак Голливуда и Китайский театр?","Достопримечательности Лос-Анджелеса, такие как знак Голливуда и Китайский театр, находятся в локации **Hollywood** в дополнении Horizon Forbidden West: Burning Shores.",0.28846153846153844,0.24008461263076422,0.28846153846153844,False,v5_bayesian_blind_rescue,unchanged
"Какое произведение Ильи Репина, начатое в 1883 году, было упомянуто в тексте вместе с картиной «Курсистка»?",В тексте упоминается картина Ильи Репина под названием «Не ждали».,0.6461538461538462,0.6354777380479513,0.6461538461538462,True,v5_bayesian_blind_rescue,unchanged
Кто был супругом принцессы Каролины Бранденбург-Ансбахской?,Супругом принцессы Каролины Бранденбург-Ансбахской был король Великобритании Георг II.,0.7142857142857143,0.6960700263635343,0.7142857142857143,True,v5_bayesian_blind_rescue,unchanged
Какую категорию статуса сохранения Международного союза охраны природы (МСОП) имеют все представители семейства Oreoicidae?,"Все представители семейства Oreoicidae имеют статус ""Вымирающие"" (Endangered) по классификации Международного союза охраны природы (МСОП).",0.38461538461538464,0.6324260214443804,0.38461538461538464,False,v5_bayesian_blind_rescue,unchanged
"В каком году Понс, граф Триполи, совместно с королём Балдуином II осадил город Рафанию?",Понс де Тулуза и король Балдуин II Иерусалимский осадили город Рафания в 1137 году.,0.8725490196078431,0.7632661904478316,0.8725490196078431,True,v5_bayesian_blind_rescue,unchanged
Кто возглавляет неонацистскую организацию «Чёрная луна» в комиксе «Красная Фурия»?,В комиксе «Красная Фурия» (Red Fury) неонацистская организация «Чёрная Луна» возглавляется персонажем по имени **Ганс Шульц**.,0.95,0.8145292998138055,0.95,True,v5_bayesian_blind_rescue,unchanged
В каком году Пассаж-дю-Гуа был признан объектом национального достояния?,Пассаж-дю-Гуа был официально признан объектом национального достояния в 1979 году.,0.9357142857142857,0.7847216745171209,0.9357142857142857,True,v5_bayesian_blind_rescue,unchanged
Кто был режиссёром британского мини-сериала 2005 года «Путешествие на край земли» по произведениям Уильяма Голдинга?,"Режиссёром британского мини-сериала 2005 года «Путешествие на краю земли», основанного на романах Уильяма Голдинга, является Дэвид Джонс.",0.9357142857142857,0.8039469291029189,0.9357142857142857,True,v5_bayesian_blind_rescue,unchanged
"Кем был Гуго IV дю Пюизе, который летом 1174 года высадился в Хартпуле с армией наёмников и рыцарей?","Гуго IV Дю Пюизе был французским рыцарем и кондотьером, известным своими военными походами и наемничеством. В 1174 году он возглавил армию наемников и рыцарей, которая высадилась в Хартпуле, Англия.",0.8571428571428571,0.7052021850806716,0.8571428571428571,True,v5_bayesian_blind_rescue,unchanged
"Какую пьесу Джорджа Бернарда Шоу, позже адаптированную в мюзикл «Моя прекрасная леди», некоторые исследователи связывают с отношениями Дороти Дин и Фредерика Лейтона?","Пьеса ""Пигмалион"" Джорджа Бернарда Шоу связана с отношениями Дороти Дин и Фредерика Лейтона.",0.28846153846153844,0.21295491056807273,0.28846153846153844,False,v5_bayesian_blind_rescue,unchanged
В каком произведении Гавриила Державина смерть Зиланта символизирует завоевание Казани войсками Ивана Грозного?,Смерть Зиланта в поэме Гавриила Державина «Водопад» символизирует завоевание Казани войсками Ивана Грозного.,0.9166666666666666,0.7651199873622646,0.9166666666666666,True,v5_bayesian_blind_rescue,unchanged
Какое прозвище разработчики в шутку дали героине Тифе Локхарт из игры Final Fantasy VII из-за её большой груди?,Разработчики шутливо прозвали Тифу Локхарт «Тифа-Большая-Грудь» (Tifa-Big-Tits).,0.6666666666666666,0.6485519691054282,0.6666666666666666,True,v5_bayesian_blind_rescue,unchanged
Какова оценочная численность популяции ирбисов в Китае по данным 1998 года?,Оценочная численность популяции снежных барсов (ирбисов) в Китае на 1998 год составляла примерно 2000 особей.,0.9357142857142857,0.7763682616129404,0.9357142857142857,True,v5_bayesian_blind_rescue,unchanged
В каком году в Японии состоялся выпуск игры Midnight Club: Street Racing?,Игра Midnight Club: Street Racing была выпущена в Японии 21 ноября 2000 года.,0.05786669323111779,0.18577165938978837,0.05786669323111779,False,v5_bayesian_blind_rescue,unchanged
Кем был учреждён наградной знак «Пик Ленина» в 1957 году?,Наградной знак «Пик Ленина» был учреждён Президиумом Верховного Совета СССР в 1957 году.,0.9357142857142857,0.7797976837551647,0.9357142857142857,True,v5_bayesian_blind_rescue,unchanged
В каком году была создана опера Клаудио Монтеверди «Возвращение Улисса на родину»?,"Опера Клаудио Монтеверди «Возвращение Улисса на родину», известная также как «Улисс в своем отечестве», была впервые представлена публике в 1640 году.",0.8636363636363636,0.7414393369726526,0.8636363636363636,True,v5_bayesian_blind_rescue,unchanged
В каком году состоялась помолвка Гилфорда Дадли с Джейн Грей?,Помолвка Гилфорда Дадли и Джейн Грей состоялась в 1553 году.,0.28846153846153844,0.2791351799902078,0.28846153846153844,False,v5_bayesian_blind_rescue,unchanged
В каком году американский фильм «Солдат удачи» с Кларком Гейблом в главной роли вышел на экраны?,Фильм «Солдат удачи» с участием Кларка Гейбла вышел на экраны в 1957 году.,0.8571428571428571,0.7232734436789673,0.8571428571428571,True,v5_bayesian_blind_rescue,unchanged
За сборную какой страны играл Берни Слейвен в период с 1990 по 1993 год?,Берни Слейвен играл за сборную Канады в период с 1990 по 1993 год.,0.9357142857142857,0.75951760753316,0.9357142857142857,True,v5_bayesian_blind_rescue,unchanged
В каком году Александру Маринеско было посмертно присвоено звание Героя Советского Союза?,Звание Героя Советского Союза Александру Маринеску было посмертно присвоено в 1990 году.,0.95,0.7896071818684339,0.95,True,v5_bayesian_blind_rescue,unchanged
В каком году усадьбу Ярополец унаследовала внучка А. Загряжского Наталья Ивановна?,Усадьба Ярополец была унаследована Натальей Ивановной Загряжской в 1804 году.,0.8725490196078431,0.7588617569575568,0.8725490196078431,True,v5_bayesian_blind_rescue,unchanged
"Кто предложил закон, приведший к изгнанию Марка Туллия Цицерона из Рима?","Закон, который привел к изгнанию Марка Туллия Цицерона из Рима, был предложен трибуном Публием Клодием Пульхром в 58 году до н. э. Этот закон, известный как ""Lex Clodia de ambitu"" или ""Закон о роскоши"", предусматривал изгнание любого римского гражданина, который занимал должность магистрата и использовал свое положение для получения политической выгоды.",0.05,0.1712027893645317,0.05,False,v5_bayesian_blind_rescue,blind_recall_rescue_fp
На каком растении обитает вид муравьёв Allomerus decemarticulatus?,Вид муравьёв Allomerus decemarticulatus обитает на деревьях семейства Лавровые (Lauraceae).,0.43902439024390244,0.6399614811019961,0.43902439024390244,False,v5_bayesian_blind_rescue,unchanged
"Кто является автором памятника русским добровольцам, открытого 5 ноября 2011 года в Вишеграде?","Автором памятника русским добровольцам, открытого 5 ноября 2011 года в Вишеграде, является скульптор Владимир Суровцев.",0.9357142857142857,0.7945711279206092,0.9357142857142857,True,v5_bayesian_blind_rescue,unchanged
Кому Толмид передал командование афинским флотом в 455 году до н. э.?,В 455 году до н. э. командующим афинским флотом стал Ксантипп.,0.8571428571428571,0.7228576273413054,0.8571428571428571,True,v5_bayesian_blind_rescue,unchanged
В каком году британская Inchcape and Company поглотила торговую фирму Dodwell & Co.?,Британская компания Inchcape and Company приобрела торговую фирму Dodwell & Co. в 1905 году.,0.8490566037735849,0.6820785338483656,0.8490566037735849,True,v5_bayesian_blind_rescue,unchanged
"Какую территорию, согласно «Хронике» Джона Гластонберийского, получил Кердик в качестве своего королевства после заключения договора с королём Артуром?","Согласно «Хронике» Джона Гластонберийского, Кердик получил в качестве своего королевства территорию, которая включала земли вокруг города Винчестер и прилегающие к нему области.",0.6461538461538462,0.6610573062059436,0.6461538461538462,True,v5_bayesian_blind_rescue,unchanged
В каком году лидер «Ереван» проекта 48 затонул в результате прямого попадания противокорабельной ракеты КСЩ во время государственных испытаний?,Лидер эсминцев проекта 48 «Ереван» затонул в 1970 году в результате прямого попадания противокорабельной ракеты КСЩ во время государственных испытаний.,0.9357142857142857,0.7662452650111323,0.9357142857142857,True,v5_bayesian_blind_rescue,unchanged
Против какой команды мужская сборная России по баскетболу проиграла в полуфинале летних Олимпийских игр 2012 года?,Мужская сборная России по баскетболу проиграла в полуфинале летних Олимпийских игр 2012 года команде США со счётом 64:75.,0.09375,0.1807426802267518,0.09375,False,v5_bayesian_blind_rescue,unchanged
На каком кладбище и в каком участке похоронена внучка Марии Фёдоровны Андреевой Светлана Юрьевна Желябужская?,"Светлана Юрьевна Желябужская похоронена на Ваганьковском кладбище в Москве, участок № 10.",0.8725490196078431,0.7495664601369706,0.8725490196078431,True,v5_bayesian_blind_rescue,unchanged
На кого женился Лоуренс Альма-Тадема 24 сентября 1863 года?,Лоуренс Альма-Тадема женился на Элизабет Джейн Вудкок 24 сентября 1863 года.,0.05,0.1722876615833967,0.05,False,v5_bayesian_blind_rescue,unchanged
Как миссионеры называли Карлоса Фермина Фицкаральда?,Миссионеры называли Карлоса Фермина Фицкаральда «Карлосом».,0.6461538461538462,0.6553636340666033,0.6461538461538462,True,v5_bayesian_blind_rescue,unchanged
Кем был объявлен Лазарь Заменгоф в секте Оомото под руководством Онисабуро Дэгути?,Лазарь Заменгоф был объявлен пророком и мессией в японской религиозной группе Оомото под руководством Онисабуро Дэгути.,0.28846153846153844,0.20779650806532612,0.28846153846153844,False,v5_bayesian_blind_rescue,unchanged
Кто из журналистов и критиков первым поставил вопрос об ужесточении надзора за театральными пьесами в Российской империи?,"Вопрос о необходимости усиления контроля над театральными постановками в Российской империи впервые был поднят журналистом и критиком **Александром Ивановичем Герценом**. В своих работах он выражал обеспокоенность по поводу цензуры и ограничения свободы творчества в театре, что стало одним из первых публичных обсуждений этой проблемы в обществе.",0.43902439024390244,0.6688859347295427,0.43902439024390244,False,v5_bayesian_blind_rescue,unchanged
Когда в 2013 году прошли похороны Ильи Сегаловича?,Похороны Ильи Сегаловича состоялись 19 октября 2013 года.,0.9357142857142857,0.7889113028397317,0.9357142857142857,True,v5_bayesian_blind_rescue,unchanged
Какова высота самой высокой точки бассейна реки Снейк?,Высота самой высокой точки бассейна реки Снейк составляет 3862 метра над уровнем моря.,0.8571428571428571,0.7139132081847618,0.8571428571428571,True,v5_bayesian_blind_rescue,unchanged
В каком году комплекс Д-4 с ракетой Р-21 был принят на вооружение?,Комплекс Д-4 с ракетой Р-21 был принят на вооружение в 1963 году.,0.28846153846153844,0.23638105159842526,0.28846153846153844,False,v5_bayesian_blind_rescue,unchanged
Какое сообщение о помиловании Никсона и уотергейтцев произнёс командир воздушного судна в диалоге на борту рейса EA212 перед катастрофой DC-9 под Шарлоттом?,"В фильме «Airplane!» (в русском переводе — «Аэроплан!») есть сцена, где командир воздушного судна объявляет пассажирам о том, что они летят над Помпеями. В этой сцене он говорит: 

«Пассажиры, мы сейчас пролетим над Помпеями. Это город, который был разрушен в 79 году нашей эры из-за извержения вулкана Везувий. Но не волнуйтесь, это было давно, и с тех пор ничего подобного не случалось».

Однако, если говорить о помиловании Никсона и Уотергейтцев, то в этом фильме нет такой сцены. Возможно, вы перепутали этот фильм с другим, или речь идет о каком-то другом произведении.",0.6461538461538462,0.6471931066542136,0.6461538461538462,True,v5_bayesian_blind_rescue,unchanged
Кто из епископов Гиппонского сыграл ключевую роль в победе ортодоксии над манихейством в римской Северной Африке?,"Ключевую роль в победе ортодоксии над манихейством в римской Северной Африке сыграл **Августин Гиппонский** (354–430 гг.), один из величайших отцов Церкви и богословов раннего христианства. Он родился в городе Тагасте (современный Сук-Арас, Алжир) и был рукоположен в сан епископа города Гиппона Регия (ныне Аннаба, Алжир). 

Августин активно боролся с манихейством — религиозным движением, которое было широко распространено в Римской империи в IV веке. Манихейство представляло собой дуалистическую религию, основанную на учении Мани, который утверждал, что мир состоит из двух вечных начал: добра и зла. Августин же придерживался ортодоксального христианского учения о едином Боге Творце и отвергал дуализм манихеев.

В своих трудах, таких как «О граде Божьем» и «Против манихеев», Августин подробно разобрал и опроверг основные положения манихейского учения. Он также написал несколько трактатов специально против манихейства, где доказывал несостоятельность их взглядов и приводил аргументы в пользу истинности христиан",0.28846153846153844,0.2297412101066445,0.28846153846153844,False,v5_bayesian_blind_rescue,unchanged
С кем совместно Джордж Юджин Уленбек ввёл в физику концепцию спина электрона в октябре 1925 года?,Джордж Юджин Уленбек совместно с Сэмюэлем Гаудсмитом ввели в физику концепцию спина электрона в октябре 1925 года.,0.28846153846153844,0.21796745123081576,0.28846153846153844,False,v5_bayesian_blind_rescue,unchanged
В каком возрасте по законам императора Августа мужчины в Древнем Риме были обязаны вступать в брак?,"По законам императора Августа мужчины в Древнем Риме должны были вступать в брак в возрасте от 25 до 60 лет, а женщины — от 20 до 50 лет.",0.8571428571428571,0.7289662213380872,0.8571428571428571,True,v5_bayesian_blind_rescue,unchanged
"Кто, по сообщению Майка Флеминга-младшего 26 сентября 2017 года, был назначен авторами сценария экранизации романа Энди Вейера «Артемида»?","По сообщению Майка Флеминга-младшего от 26 сентября 2017 года, авторы сценария экранизации романа Энди Вейера «Артемида» были назначены следующим образом:

- **Даггетт Джонс** — сценарист фильма «Секретная служба Санта-Клауса».
- **Кристофер Роули** — сценарист фильма «Миссия невыста: Протокол ""Фантом""».",0.8725490196078431,0.7806915665727857,0.8725490196078431,True,v5_bayesian_blind_rescue,unchanged
Какая стадия является лимитирующей для большинства реакций альдольной конденсации с участием кетонов?,Лимитирующей стадией для большинства реакций альдольной конденсации с участием кетонов является присоединение енолят-иона к карбонильной группе.,0.05,0.16419660820836735,0.05,False,v5_bayesian_blind_rescue,blind_recall_rescue_fp
"Кто из участников консилиума по лечению Н. В. Гоголя 20 февраля заявил, что уехал от больного, «чтобы не быть свидетелем мучений страдальца»?",Врач А. Т. Тарасенков,0.8636363636363636,0.7572453202464455,0.8636363636363636,True,v5_bayesian_blind_rescue,unchanged
Какой компанией была разработана видеоигра God of War II?,"Видеоигру ""God of War II"" разработала компания Santa Monica Studio.",0.28846153846153844,0.19333731838558932,0.28846153846153844,False,v5_bayesian_blind_rescue,unchanged
"Кто написал песню «Jesus», представленную в альбоме Queen?","Песня «Jesus» была написана Фредди Меркьюри и представлена в альбоме группы Queen под названием ""Queen II"".",0.38461538461538464,0.6519001162064905,0.38461538461538464,False,v5_bayesian_blind_rescue,unchanged
В каком году в Японии впервые прошло представление сингигаку под началом актёра театра кёгэн Номуры Маннодзё?,Представление сингигаку под руководством актёра театра кёгэн Номуры Маннодзё состоялось в 1785 году.,0.28846153846153844,0.23014027548095042,0.28846153846153844,False,v5_bayesian_blind_rescue,unchanged
Кто из героев в античной фреске из Помпей уносит Палладиум из Трои вместе с Диомедом?,"В античной фреске из Помпей, изображающей взятие Трои, Палладиум уносят из города Диомед и Одиссей.",0.05263157894736842,0.19996317851479795,0.05263157894736842,False,v5_bayesian_blind_rescue,unchanged
Где в романе Н. В. Гоголя «Мёртвые души» происходит первое знакомство Чичикова с помещиком Собакевичем?,"Первое знакомство Павла Ивановича Чичикова с помещиком Собакевичем происходит в его имении, которое находится недалеко от города N.",0.05,0.16627188777085955,0.05,False,v5_bayesian_blind_rescue,blind_recall_rescue_fp
В какой версии системы управления версиями Subversion было введено свойство svn:mergeinfo для отслеживания слияний?,"Свойство `svn:mergeinfo` в системе управления версиями Subversion было введено в версии 1.4. Свой это свойство позволяет отслеживать историю слияний между ветками и репозиториями, что упрощает управление изменениями и интеграцию кода.",0.09375,0.17482743594085184,0.09375,False,v5_bayesian_blind_rescue,unchanged
"Кто из советских лидеров, согласно словам помощника В. М. Молотова Михаила Ветрова, поддержал создание Израиля, чтобы это стало «шилом в заднице для арабских государств» и подорвало британское влияние?","Согласно воспоминаниям помощника В. М. Молотова Михаила Ветрова, Иосиф Сталин поддерживал создание государства Израиль с целью создания проблемы для арабских стран и ослабления британского влияния в регионе.",0.05,0.18189311937603847,0.05,False,v5_bayesian_blind_rescue,unchanged
"В каком году впервые была опубликована новелла Стивена Кинга «Тот, кто хочет выжить»?","Новелла Стивена Кинга «Тот, кто хочет выжить» впервые была опубликована в 1982 году.",0.7142857142857143,0.693457782669053,0.7142857142857143,True,v5_bayesian_blind_rescue,unchanged
"Кто является автором романа «Пенелопиада», вышедшего в 2005 году?",Автором романа «Пенелопиада» является Маргарет Этвуд.,0.8636363636363636,0.7572407699141168,0.8636363636363636,True,v5_bayesian_blind_rescue,unchanged
С кем из будущих основателей поп-арта подружился Грэм Овенден во время обучения в Королевском колледже искусств?,Грэм Овенден подружился с Ричардом Гамильтоном и Питером Блейком во время обучения в Королевском колледже искусств.,0.28846153846153844,0.20796489353171252,0.28846153846153844,False,v5_bayesian_blind_rescue,unchanged
Кто был крёстным отцом и учителем Закона Божьего для Петра Чайковского?,"Крёстным отцом Петра Чайковского был его дядя по материнской линии, Пётр Фёдорович Чайковский. Он же был его первым учителем в области музыки и Закона Божьего.",0.9357142857142857,0.7941841140934068,0.9357142857142857,True,v5_bayesian_blind_rescue,unchanged
Кто от лица Российской стороны выдвинул условия Туркманчайского мирного договора?,"Туркманчайский мирный договор был подписан в 1828 году между Россией и Персией (Ираном). От лица Российской империи его подписал генерал Иван Фёдорович Паскевич, который был главнокомандующим русскими войсками на Кавказе.",0.05,0.1874401357579515,0.05,False,v5_bayesian_blind_rescue,unchanged
"Какое имя получил новый дом Владимира Филимоновича Марцинковского, построенный в 1949 году?","Новый дом Владимира Филимоновича Марцинковского, построенный в 1949 году, получил название «Дом-музей В.Ф. Марцинковского».",0.6461538461538462,0.6458182690152159,0.6461538461538462,True,v5_bayesian_blind_rescue,unchanged
"Какой античный автор написал энциклопедию «Естественная история», описание которой в 1506 году помогло опознать найденную в Риме скульптурную группу «Лаокоон и его сыновья»?","Античный автор, написавший энциклопедию «Естественная история», которая помогла опознать найденную в Риме скульптурную группу «Лаокоон и его сыновья», — Плиний Старший.",0.28846153846153844,0.19606693231201414,0.28846153846153844,False,v5_bayesian_blind_rescue,unchanged
Сколько человек погибло в общекорабельной службе авианосца «Сорю» во время сражения у Мидуэя?,"Во время сражения у Мидуэя 4 июня 1942 года, в ходе которого японский авианосец ""Сорю"" был потоплен американскими силами, погибли 307 членов экипажа.",0.8636363636363636,0.735636014624888,0.8636363636363636,True,v5_bayesian_blind_rescue,unchanged
Какой птицей является атрибут богини Афины в древнегреческой мифологии?,"В древнегреческой мифологии атрибутом богини Афины является сова. Сова символизирует мудрость и знание, что соответствует мудрости Афины как покровительницы науки и искусства.",0.09375,0.1834666297509149,0.09375,False,v5_bayesian_blind_rescue,unchanged
"В каком году Генри де Перси, 2-й барон Перси, сыграл ключевую роль в разгроме армии шотландского короля Давида II Брюса в битве при Невиллз-Кроссе?","Генри де Перси, 2-й барон Перси, сыграл ключевую роль в разгроме армии шотландского короля Давида II Брюса в битве при Невиллз-Кроссе в **1346 году**.",0.1111111111111111,0.19990961237108593,0.1111111111111111,False,v5_bayesian_blind_rescue,unchanged
Какие ионы используются в качестве активаторов в твердотельных лазерах на люминесцирующих твердых средах?,"## Ионы-активаторы в твердотельных лазерах

В **твердотельных лазерах** на основе люминесцирующих сред (например, рубиновых или иттрий-алюминиевых гранатов — YAG) используются различные ионы, которые выполняют роль активных центров для генерации лазерного излучения. Эти ионы внедряются в кристаллическую решетку основного материала и обеспечивают необходимые энергетические переходы для создания инверсии населенностей уровней энергии.

### Основные типы ионов-активаторов

1. **Ионы трехвалентных редкоземельных элементов**
   - Наиболее распространенными являются ионы трёхвалентных редкоземельных элементов, такие как:
     - **Тулий (Tm³⁺)** — используется для генерации в ближнем инфракрасном диапазоне (около 2 мкм).
     - **Гольмий (Ho³⁺)** — генерирует излучение около 2,08 мкм.
     - **Эрбий (Er³⁺)** — работает в диапазоне 1,54–1,63 мкм.
     - **Европий (Eu³⁺)** — применяется для генерации в ультрафиолетовом диапазоне.

2. **Ионы двухвалент",0.28846153846153844,0.5630265940120821,0.28846153846153844,False,v5_bayesian_blind_rescue,unchanged
Какова номинальная мощность главного дизеля типа XVI-JV 170/240 в дизель-поезде ДП?,Номинальная мощность главного дизеля типа XVI-JV 170/240 в дизель-поезде ДП составляет **170 кВт** (или 231 л.с.).,0.8571428571428571,0.7221329701761476,0.8571428571428571,True,v5_bayesian_blind_rescue,unchanged
Какой метод позволил специалистам Центра археометрических исследований имени Гейдельбергского университета в 2015 году провести новую датировку Шигирского идола на небольших количествах материала?,"Для проведения новой датировки Шигирского идола специалисты Центра археометрических исследований имени Гейдельбергского университета использовали метод **радиоуглеродного анализа**. Этот метод позволяет определить возраст органических материалов путем измерения количества радиоактивного изотопа углерода-14, который содержится в образце.",0.8571428571428571,0.7056714386158237,0.8571428571428571,True,v5_bayesian_blind_rescue,unchanged
Кто был оправдан присяжными и освобождён 28 октября 1913 года по делу об убийстве Андрея Ющинского?,По делу об убийстве Андрея Ющинского в 1913 году был оправдан и освобожден киевский приказчик Мендель Бейлис.,0.28846153846153844,0.621054236435183,0.28846153846153844,False,v5_bayesian_blind_rescue,evidence_refuted_boost_fn
В каком году Кимон был подвергнут остракизму в том числе из-за своего неприятия реформ Эфиальта?,Кимон был подвергнут остракизму в 461 году до н. э.,0.1111111111111111,0.2006782316741074,0.1111111111111111,False,v5_bayesian_blind_rescue,unchanged
Вместе с кем Пьер Бурдьё учился в Высшей нормальной школе в 1951 году?,Пьер Бурдьё вместе с Мишелем Фуко и Жаном-Клодом Пассероном учился в Высшей нормальной школе в Париже в 1951 году.,0.8571428571428571,0.7116582722795837,0.8571428571428571,True,v5_bayesian_blind_rescue,unchanged
"Кем стал Джордж Вашингтон в 1746 году, отказавшись от морской службы?","В 1746 году Джордж Вашингтон отказался от морской службы и решил стать землемером. Он начал работать на плантации своего старшего брата Лоуренса, где занимался измерением земель и составлением карт. Это стало его первым серьезным профессиональным опытом и заложило основу для его будущей карьеры как успешного землемера и военного лидера.",0.8490566037735849,0.6802100202036806,0.8490566037735849,True,v5_bayesian_blind_rescue,unchanged
Кто возглавил жюри X премии имени Сергея Курёхина в качестве директора Государственного Эрмитажа?,Жюри X премии имени Сергея Курёхина в 2018 году возглавил директор Государственного Эрмитажа Михаил Борисович Пиотровский.,0.05,0.1908684537378451,0.05,False,v5_bayesian_blind_rescue,unchanged
Кто из исполнителей спел песню «Skyline Pigeon» на похоронах Райана Уайта?,Песню «Skyline Pigeon» исполнил Элвис Костелло.,0.05,0.18978164749943152,0.05,False,v5_bayesian_blind_rescue,unchanged
"Кем были написаны, аранжированы и спродюсированы музыкальные композиции для альбома Final Fantasy X Original Soundtrack?","Композиции для альбома ""Final Fantasy X Original Soundtrack"" были написаны композитором Нобуо Уэмацу, аранжированы и спродюсированы композитором Масаси Хамаудзу.",0.9357142857142857,0.766359802999269,0.9357142857142857,True,v5_bayesian_blind_rescue,unchanged
Кто захватил Белград в 1521 году?,В 1521 году Белград был захвачен Османской империей под предводительством султана Сулеймана I Великолепного.,0.8571428571428571,0.7422508628848314,0.8571428571428571,True,v5_bayesian_blind_rescue,unchanged
В каком году Армения была разделена между христианской Римской империей и зороастрийской Персией?,Армения была разделена между христианской Римской империей и зороастрийской Персией в 387 году нашей эры.,0.1111111111111111,0.20154567012144473,0.1111111111111111,False,v5_bayesian_blind_rescue,unchanged
"Кто обеспечил прикрытие беспорядочно отступающих войск в ходе битвы при Йене и Ауэрштедте, прибыв на поле боя около 14:00?","В битве при Йене и Ауэрштедте прикрытие для беспорядочно отступавших войск обеспечила гвардия Наполеона Бонапарта. Прибыв на поле боя примерно к 14:00, гвардейские части смогли стабилизировать ситуацию и предотвратить полный разгром французской армии.",0.7142857142857143,0.6947427649670113,0.7142857142857143,True,v5_bayesian_blind_rescue,unchanged
Какой высший женский придворный титул получила княгиня Ольга во время визита в Константинополь в царствование Константина Порфирородного?,Во время своего визита в Константинополь в 957 году византийский император Константин VII Порфирородный пожаловал Ольге титул «василиссы» (греч. βασίλισσα — царица). Этот титул был высшей женской наградой при дворе и означал признание её статуса как правительницы Киевской Руси.,0.6461538461538462,0.6453857591775446,0.6461538461538462,True,v5_bayesian_blind_rescue,unchanged
Какое произведение Альберто Моравиа легло в основу фильма «Конформист» Бернардо Бертолуччи?,Фильм «Конформист» режиссёра Бернардо Бертолуччи основан на романе Альберто Моравиа «Конформист».,0.28846153846153844,0.1965634562598488,0.28846153846153844,False,v5_bayesian_blind_rescue,unchanged
В каком году был заключён контракт № 62278 на поставку дополнительных машин Douglas TBD Devastator?,Контракт № 62278 на поставку дополнительных машин Douglas TBD Devastator был заключён в 1940 году.,0.8571428571428571,0.7323992748457927,0.8571428571428571,True,v5_bayesian_blind_rescue,unchanged
"Кто был адвокатом, осуждённым за воспрепятствование правосудию в связи со скандалом на Кливленд-стрит, в котором упоминался Альберт Виктор, герцог Кларенс?","Адвокатом, осуждённым за воспрепятствование правосудию в связи со скандалом на Кливленд-стрит, в котором упоминался Альберт Виктор, герцог Кларенс, был сэр Чарльз Рид.",0.9357142857142857,0.7856747933750814,0.9357142857142857,True,v5_bayesian_blind_rescue,unchanged
"В каком году был провозглашён протекторат Великобритании над землями тсвана, получившими название Бечуаналенд?","Протекторат Великобритании над землями тсвана, которые получили название Бечуаналенд, был провозглашен в 1885 году.",0.05,0.1871605738247535,0.05,False,v5_bayesian_blind_rescue,unchanged
Из каких двух родов войск состояла армия Тамерлана?,Армия Тимура (Тамерлана) состояла из двух основных родов войск: конницы и пехоты.,0.09375,0.19833165687831764,0.09375,False,v5_bayesian_blind_rescue,unchanged
Кто в фильме «Мстители» (2012) первым поймал падающего через портал Тони Старка?,В фильме «Мстители» (2012) первым поймал падающего через портал Тони Старка Железный человек (Тони Старк).,0.8725490196078431,0.7738922302540537,0.8725490196078431,True,v5_bayesian_blind_rescue,unchanged
"В романах Макдональда, где Лью Арчер выступает в роли следопыта, осваивающего фронтир, какой современный город он находит вместо мифического Города Ангелов?","Лью Арчер, главный герой романов Росс Макдональда о частном детективе, часто сталкивается с загадками и преступлениями в вымышленном городе Санта-Тереза на побережье Калифорнии. Этот город является аналогом реального города Лос-Анджелеса, который также известен как Город Ангелов. Таким образом, вместо мифического Города Ангелов Лью Арчер находит современный Лос-Анджелес.",0.8571428571428571,0.6937092724259893,0.8571428571428571,True,v5_bayesian_blind_rescue,unchanged
Кто был назначен главным инквизиционным цензором в Испании в августе 1577 года для рассмотрения Антверпенской Полиглотты?,"В августе 1577 года главным инквизиционным цензором в Испании был назначен **Франсиско де Пераса** (*Francisco de Pareja*). Он отвечал за рассмотрение и контроль над публикацией Антверпенской Полиглоты — многотомного издания Библии на разных языках, которое вызвало споры среди католических богословов того времени.",0.8571428571428571,0.7216690207154963,0.8571428571428571,True,v5_bayesian_blind_rescue,unchanged
В каком году был учреждён Четвёртый интернационал?,Четвёртый интернационал был учреждён в 1938 году.,0.9357142857142857,0.7879054780342147,0.9357142857142857,True,v5_bayesian_blind_rescue,unchanged
"Кто был наставником, определившим карьеру Давида Окерблада и решившим превратить его в специалиста по османскому языку?","Наставником, который определил карьеру Давида Окерблада и решил превратить его в специалиста по османскому языку, был шведский востоковед и дипломат Карл Густав фон Розен.",0.9357142857142857,0.7858321596012258,0.9357142857142857,True,v5_bayesian_blind_rescue,unchanged
Какой денежный штраф в талантах был наложен на Перикла после его снятия с должности стратега?,"После того как Перикл был снят с должности стратега, ему был назначен денежный штраф в размере 15 талантов.",0.8636363636363636,0.7223705328593252,0.8636363636363636,True,v5_bayesian_blind_rescue,unchanged
"Какое свойство имел ударение в праиндоевропейском языке, позволявшее ему смещаться в пределах парадигмы одного слова?","В праиндоевропейском языке ударение обладало свойством подвижности, что позволяло ему смещаться в пределах парадигмы одного слова. Это означает, что ударение могло перемещаться от одной формы к другой при изменении грамматических категорий, таких как падеж или число. Например, в некоторых формах слова ударение может находиться на первом слоге, а в других — на втором или третьем слоге.",0.05,0.15032892024259914,0.05,False,v5_bayesian_blind_rescue,unchanged
Кто из потомков Солона по боковым линиям был главой «Тридцати тиранов»?,Глава «Тридцати тиранов» Критий был потомком Солона по боковой линии.,0.05263157894736842,0.1999981864188812,0.05263157894736842,False,v5_bayesian_blind_rescue,unchanged
В каком году до н. э. Андриск был разгромлен претором Квинтом Цецилием Метеллом?,Андриск был разгромлен претором Квинтом Цецилием Метеллом в 146 году до н. э.,0.9166666666666666,0.7656377924927601,0.9166666666666666,True,v5_bayesian_blind_rescue,unchanged
Сколько рублей заплатил музей Императорской Академии художеств за картину Н. Н. Дубовского «Родина»?,"Картина Николая Николаевича Дубовского «Родина», написанная в 1892 году, была приобретена Императорским обществом поощрения художеств у автора за 300 рублей серебром.",0.8571428571428571,0.7319340069100023,0.8571428571428571,True,v5_bayesian_blind_rescue,unchanged
В каком году советский художник Юрий Пименов создал картину «Новая Москва»?,Советский художник Юрий Иванович Пименов создал свою знаменитую картину «Новая Москва» в 1937 году.,0.9357142857142857,0.7814824629945495,0.9357142857142857,True,v5_bayesian_blind_rescue,unchanged
"Кто, по мнению исследователей, является автором прославленной статуи Ники в Олимпии и, возможно, одним из скульпторов фриза парапета Храма Ники Аптерос?",Автором прославленной статуи Ники в Олимпии считается древнегреческий скульптор Пеон. Он также был одним из скульпторов фриза парапета Храма Ники Аптерос на Афинском Акрополе.,0.8725490196078431,0.7802456258393979,0.8725490196078431,True,v5_bayesian_blind_rescue,unchanged
В каком году в Нюрнберге вышли посмертно «Четыре книги о пропорциях» Альбрехта Дюрера?,«Четыре книги о пропориях» Альбрехта Дюрера были изданы посмертно в 1528 году в Нюрнберге.,0.28846153846153844,0.2403338989865854,0.28846153846153844,False,v5_bayesian_blind_rescue,unchanged
В каком году кубинский учёный Фелипе Поэй описал длиннокрылую акулу под названием Squalus longimanus?,Фелипе Поэй описал длиннокрылую акулу под названием Squalus longimanus в 1830 году.,0.8725490196078431,0.7571662836039635,0.8725490196078431,True,v5_bayesian_blind_rescue,unchanged
